,HVPI,IP_Verarbeitendes_Gew,IP_Nahrungs_Genuss,IP_Textil_Leder,IP_Holz_Papier_Druck,IP_Mineraloel,IP_Chemie,IP_Pharma,IP_Metall_Grundstoffe,IP_Metallerzeugnisse,IP_DV_Elektronik,IP_Elektrisch,IP_Maschinenbau,IP_Kfz,IP_Sonstiger_Fahrzeug,IP_Energie,BS_Konjunkturklima,BS_Produktionserwart,BS_Produktionstendenz,BS_Absatzpreise,BS_Auftragsbestand,PPI_Gesamt,PPI_Konsumgueter,PPI_Vorleistungen,ALQ_Gesamt,ALQ_Maenner,ALQ_Frauen,ALQ_Kern_Ges,ALQ_Kern_M,ALQ_Kern_F,LCI_Lohnkosten_BN,LCI_Loehne_BN,LCI_Lohnkosten_Ind,LCI_Loehne_Ind
2000-01-01,78.5,70.9,83.3,0.0,0.0,110.8,90.5,43.6,96.9,65.1,34.2,68.4,62.1,78.0,41.9,131.7,-5.1,-6.1,1.2,8.3,-16.6,68.3,74.4,72.4,8.2,7.8,8.6,8.1,7.6,8.8,58.7,56.9,58.2,56.9
2000-02-01,78.6,79.5,87.0,0.0,0.0,103.0,93.1,47.6,105.5,72.4,39.3,79.1,72.9,96.4,45.2,121.4,-3.1,-5.5,12.4,6.9,-13.3,68.4,74.5,72.7,8.1,7.8,8.6,8.0,7.5,8.7,58.7,56.9,58.2,56.9
2000-03-01,78.6,88.7,96.9,0.0,0.0,109.7,98.2,50.8,116.8,80.4,44.9,87.2,86.4,106.0,49.7,123.2,-1.5,-3.9,10.0,5.4,-8.7,68.5,74.5,73.0,8.1,7.7,8.5,8.0,7.5,8.6,58.7,56.9,58.2,56.9
2000-04-01,78.6,76.2,89.5,0.0,0.0,107.3,91.9,43.1,98.1,69.1,37.3,70.4,72.8,87.7,42.9,108.0,-1.2,-2.8,-0.7,3.2,-10.1,68.7,74.7,73.6,8.0,7.7,8.5,7.9,7.4,8.6,70.0,69.0,70.7,70.3
2000-05-01,78.4,88.5,100.2,0.0,0.0,110.2,101.3,51.7,114.3,81.1,43.0,85.3,83.6,107.0,47.9,103.5,0.1,-2.7,14.0,4.1,-6.9,69.0,75.0,73.8,8.0,7.7,8.4,7.9,7.4,8.5,70.0,69.0,70.7,70.3
2000-06-01,78.9,81.4,93.5,0.0,0.0,98.8,95.3,45.3,102.6,73.2,43.2,76.1,81.9,92.2,43.4,95.5,-0.5,-2.1,-1.5,5.3,-6.3,69.3,75.1,73.9,8.0,7.7,8.3,7.9,7.4,8.4,70.0,69.0,70.7,70.3
2000-07-01,79.2,80.4,92.0,0.0,0.0,112.2,94.5,48.2,99.8,73.9,42.5,76.9,77.2,91.2,42.6,102.6,0.4,-1.3,3.7,5.3,-5.7,69.7,75.3,74.2,7.9,7.6,8.3,7.8,7.4,8.4,61.5,60.2,62.1,61.3
2000-08-01,79.0,79.2,97.5,0.0,0.0,118.1,93.9,51.0,103.0,74.4,42.2,75.1,74.4,78.8,41.3,99.4,1.7,-1.0,3.2,4.2,-3.2,69.8,75.4,74.4,7.9,7.6,8.2,7.8,7.4,8.3,61.5,60.2,62.1,61.3
2000-09-01,79.2,87.7,95.3,0.0,0.0,105.4,92.3,51.8,108.9,80.4,49.9,89.0,89.2,96.0,44.5,104.4,0.6,0.3,8.1,3.4,-3.3,70.5,75.5,74.7,7.9,7.6,8.2,7.8,7.4,8.3,61.5,60.2,62.1,61.3
2000-10-01,79.1,87.1,102.4,0.0,0.0,110.9,97.2,49.9,109.0,80.0,48.4,85.4,81.8,98.4,45.5,113.9,1.5,1.4,4.2,3.0,-2.4,70.8,75.5,74.9,7.8,7.6,8.1,7.7,7.4,8.2,69.9,68.2,70.7,69.3
2000-11-01,79.1,91.7,105.9,0.0,0.0,107.4,97.2,53.7,115.5,84.1,52.1,90.5,88.5,108.0,49.3,120.0,0.5,0.8,5.4,4.6,-1.7,71.1,75.7,74.9,7.8,7.6,8.0,7.7,7.3,8.2,69.9,68.2,70.7,69.3
2000-12-01,80.0,80.6,92.8,0.0,0.0,110.2,84.6,40.2,85.1,69.8,48.5,83.4,95.8,85.8,42.8,123.2,-0.7,0.6,-2.3,5.4,-3.8,70.7,75.9,75.0,7.7,7.5,8.0,7.7,7.3,8.1,69.9,68.2,70.7,69.3
2001-01-01,79.5,80.0,88.6,0.0,0.0,111.3,96.1,50.6,113.2,74.8,43.5,81.4,70.6,97.1,45.2,128.8,-1.4,-2.5,5.5,5.7,-4.8,71.4,76.3,75.0,7.7,7.5,7.9,7.6,7.3,8.1,60.9,59.0,60.8,59.3
2001-02-01,80.0,80.7,85.3,0.0,0.0,97.0,89.6,49.4,108.3,74.1,44.8,82.9,76.2,101.7,45.6,112.9,-4.7,-4.9,-1.1,8.2,-6.4,71.6,76.5,75.0,7.7,7.5,7.9,7.6,7.3,8.0,60.9,59.0,60.8,59.3
2001-03-01,80.0,90.9,94.9,0.0,0.0,105.6,98.5,51.0,118.5,83.9,51.2,92.0,90.2,113.1,50.2,117.5,-7.4,-6.2,0.4,10.8,-9.8,71.8,77.1,75.0,7.6,7.5,7.8,7.6,7.3,8.0,60.9,59.0,60.8,59.3
2001-04-01,80.3,80.0,89.8,0.0,0.0,102.0,92.8,48.8,106.1,74.0,42.7,76.3,78.1,96.0,45.7,109.7,-11.6,-9.2,-13.3,11.0,-16.4,72.1,77.3,75.0,7.6,7.5,7.8,7.6,7.3,8.0,72.0,70.8,73.0,72.2
2001-05-01,80.7,85.8,97.3,0.0,0.0,107.4,94.2,51.4,111.6,80.5,44.1,84.7,83.4,103.8,48.2,103.7,-12.7,-10.3,-3.3,12.7,-16.3,72.2,77.7,74.9,7.7,7.6,7.8,7.6,7.4,8.0,72.0,70.8,73.0,72.2
2001-06-01,80.8,83.7,91.1,0.0,0.0,105.0,91.6,51.1,106.6,78.6,43.8,83.2,85.7,97.5,47.3,93.5,-15.6,-13.3,-14.8,15.2,-21.1,72.3,77.8,74.8,7.7,7.6,7.8,7.7,7.4,8.0,72.0,70.8,73.0,72.2
2001-07-01,80.9,82.0,93.9,0.0,0.0,112.1,92.6,55.5,102.6,77.3,42.6,82.1,81.0,91.2,46.4,98.9,-13.8,-16.3,-13.7,14.1,-21.2,71.9,77.7,74.4,7.8,7.7,7.9,7.7,7.5,8.0,63.2,61.8,63.7,62.7
2001-08-01,80.7,79.2,97.9,0.0,0.0,110.5,88.1,53.3,100.4,75.3,40.3,78.0,74.9,84.6,46.0,98.3,-16.2,-17.0,-12.4,15.7,-23.9,71.8,77.7,74.3,7.8,7.8,7.9,7.8,7.5,8.1,63.2,61.8,63.7,62.7
2001-09-01,80.6,83.5,91.8,0.0,0.0,98.0,85.3,49.1,106.7,76.9,41.7,85.5,85.5,97.2,46.9,101.6,-20.6,-20.3,-15.4,16.4,-27.9,71.9,77.7,74.2,7.9,7.9,7.9,7.8,7.6,8.1,63.2,61.8,63.7,62.7
2001-10-01,80.4,87.3,104.1,0.0,0.0,99.9,92.1,54.4,110.3,82.3,42.5,86.1,82.4,105.2,51.1,110.5,-23.4,-21.8,-16.1,18.0,-32.7,71.3,77.8,74.1,8.0,8.0,8.0,7.9,7.7,8.1,71.5,70.0,72.4,71.1
2001-11-01,80.2,87.2,102.5,0.0,0.0,105.6,88.7,53.3,104.7,81.3,45.6,90.0,84.6,103.8,53.9,120.2,-23.3,-20.5,-19.9,18.7,-33.8,71.1,77.6,73.9,8.0,8.0,8.0,7.9,7.7,8.2,71.5,70.0,72.4,71.1
2001-12-01,81.1,72.8,88.1,0.0,0.0,112.8,73.4,38.2,76.8,62.5,38.9,71.5,90.3,74.7,43.9,125.9,-19.5,-21.1,-17.9,16.5,-33.9,70.8,77.5,73.7,8.1,8.1,8.0,8.0,7.8,8.2,71.5,70.0,72.4,71.1
2002-01-01,81.1,76.9,90.4,0.0,0.0,105.0,93.5,51.8,104.2,72.3,37.6,76.5,69.0,92.4,48.8,128.4,-21.7,-24.2,-25.2,17.4,-34.1,71.3,78.1,73.7,8.1,8.2,8.1,8.0,7.8,8.2,63.3,61.2,63.3,61.5
2002-02-01,81.4,76.8,84.8,0.0,0.0,97.2,91.8,49.6,105.3,70.4,38.0,75.8,71.7,93.3,49.4,111.3,-19.0,-22.1,-23.1,15.2,-33.7,71.3,78.0,73.5,8.2,8.2,8.1,8.1,7.9,8.3,63.3,61.2,63.3,61.5
2002-03-01,81.5,82.3,91.5,0.0,0.0,107.5,99.6,51.3,107.6,74.8,41.4,79.3,80.0,100.0,50.6,114.9,-16.5,-22.6,-16.6,15.9,-34.6,71.6,77.9,73.7,8.2,8.3,8.2,8.1,7.9,8.3,63.3,61.2,63.3,61.5
2002-04-01,81.5,84.6,93.8,0.0,0.0,106.3,97.2,53.6,112.8,79.1,41.0,80.0,82.2,104.4,52.3,111.1,-16.0,-19.6,-10.0,15.5,-34.7,71.4,78.1,73.8,8.3,8.4,8.2,8.2,8.0,8.3,72.9,71.6,73.6,72.7
2002-05-01,81.6,78.2,92.7,0.0,0.0,103.6,96.0,50.3,105.0,71.9,37.8,72.0,73.9,92.8,48.5,104.4,-14.6,-20.3,-8.3,14.9,-31.3,71.4,78.1,73.8,8.4,8.5,8.3,8.2,8.1,8.4,72.9,71.6,73.6,72.7
2002-06-01,81.5,84.7,91.1,0.0,0.0,102.1,94.4,53.2,110.5,79.4,40.6,82.9,86.4,105.8,50.6,96.0,-14.9,-19.1,-9.7,14.9,-32.6,71.4,77.9,74.1,8.5,8.6,8.4,8.3,8.2,8.5,72.9,71.6,73.6,72.7
2002-07-01,81.8,84.9,97.2,0.0,0.0,109.0,98.7,55.6,110.9,80.8,40.9,83.2,83.7,98.4,50.8,100.1,-15.1,-18.2,-5.1,13.7,-32.1,71.2,77.8,74.2,8.6,8.8,8.4,8.5,8.4,8.6,64.7,63.2,65.1,63.9
2002-08-01,81.6,76.4,94.0,0.0,0.0,109.9,92.8,50.8,99.1,71.5,38.1,75.0,69.4,85.4,46.3,98.2,-16.3,-18.7,-6.6,13.9,-33.6,71.1,77.9,74.2,8.7,8.9,8.5,8.6,8.5,8.6,64.7,63.2,65.1,63.9
2002-09-01,81.5,86.2,95.8,0.0,0.0,104.3,94.2,51.5,111.1,80.6,41.8,88.0,85.0,104.8,52.7,102.6,-16.8,-18.8,-15.0,15.5,-33.7,71.2,77.8,74.2,8.9,9.0,8.6,8.7,8.7,8.7,64.7,63.2,65.1,63.9
2002-10-01,81.4,87.7,105.6,0.0,0.0,101.8,96.8,54.7,113.6,81.3,44.3,87.7,81.1,106.6,53.9,117.0,-16.0,-20.4,-9.3,14.2,-31.7,71.4,77.9,74.2,9.0,9.2,8.7,8.8,8.8,8.8,73.2,71.7,73.7,72.6
2002-11-01,81.1,87.2,102.0,0.0,0.0,102.5,93.5,54.0,108.9,80.1,44.8,88.1,83.5,110.2,54.1,117.4,-15.4,-20.6,-4.5,13.7,-29.5,71.2,77.9,74.1,9.1,9.3,8.8,8.9,8.9,9.0,73.2,71.7,73.7,72.6
2002-12-01,82.0,75.2,90.1,0.0,0.0,105.2,80.4,42.5,83.1,68.2,39.4,73.7,90.6,81.1,47.8,123.3,-16.9,-22.3,-7.3,14.0,-30.8,71.4,77.9,74.2,9.2,9.5,8.9,9.1,9.1,9.1,73.2,71.7,73.7,72.6
2003-01-01,82.0,77.2,89.3,0.0,0.0,103.0,95.2,55.3,106.7,71.5,38.8,75.8,67.8,96.8,51.1,130.8,-17.8,-22.2,-9.9,15.1,-31.6,72.3,78.1,74.3,9.4,9.7,9.0,9.2,9.2,9.2,65.1,63.0,64.6,63.0
2003-02-01,82.4,79.0,85.0,0.0,0.0,96.5,91.4,50.3,104.8,72.0,38.9,78.3,75.4,104.4,54.0,122.6,-16.1,-20.0,-6.8,13.8,-28.4,72.6,78.2,74.4,9.5,9.8,9.1,9.3,9.3,9.3,65.1,63.0,64.6,63.0
2003-03-01,82.5,84.8,90.6,0.0,0.0,106.4,102.2,53.5,111.6,76.8,43.0,81.8,81.7,108.0,56.1,126.2,-17.7,-21.0,-10.5,14.2,-31.2,72.8,78.1,74.6,9.6,9.9,9.2,9.4,9.5,9.4,65.1,63.0,64.6,63.0
2003-04-01,82.3,81.9,94.4,0.0,0.0,107.1,97.3,54.9,107.6,74.9,39.9,77.9,77.0,102.1,53.7,114.9,-18.1,-19.3,-9.4,15.1,-32.9,72.6,78.1,74.6,9.7,10.0,9.3,9.5,9.6,9.4,76.1,74.4,76.7,75.6
2003-05-01,82.1,80.6,92.2,0.0,0.0,102.3,96.6,52.7,106.7,73.3,38.0,77.1,76.2,101.1,53.0,108.4,-18.8,-23.1,-12.3,15.9,-31.9,72.5,78.1,74.5,9.7,10.1,9.3,9.5,9.6,9.4,76.1,74.4,76.7,75.6
2003-06-01,82.3,80.3,92.0,0.0,0.0,100.7,93.1,51.0,98.6,77.7,39.5,77.9,80.1,94.2,52.9,102.0,-18.6,-22.7,-10.2,15.1,-33.3,72.4,78.1,74.3,9.8,10.1,9.4,9.5,9.6,9.5,76.1,74.4,76.7,75.6
2003-07-01,82.5,86.2,98.3,0.0,0.0,96.9,96.7,58.7,108.9,82.3,42.6,83.9,82.6,105.1,55.0,104.8,-19.4,-21.9,-15.0,15.3,-34.3,72.5,78.2,74.1,9.8,10.1,9.4,9.5,9.6,9.5,66.2,64.4,66.6,65.2
2003-08-01,82.5,71.7,90.3,0.0,0.0,106.9,87.4,53.0,89.2,68.1,38.2,69.0,67.9,70.9,48.5,100.9,-16.0,-18.9,-1.3,15.5,-31.2,72.5,78.1,73.8,9.8,10.0,9.4,9.5,9.6,9.5,66.2,64.4,66.6,65.2
2003-09-01,82.4,87.2,95.3,0.0,0.0,107.4,88.9,54.1,107.8,82.1,46.1,88.5,85.8,106.0,53.9,103.6,-13.9,-18.4,-11.1,15.5,-31.6,72.6,78.4,74.0,9.8,10.0,9.5,9.5,9.5,9.5,66.2,64.4,66.6,65.2
2003-10-01,82.4,89.1,104.6,0.0,0.0,108.2,94.7,59.0,113.8,84.9,48.6,87.8,81.2,107.2,57.2,116.2,-12.5,-18.0,-3.4,14.5,-29.6,72.5,78.4,73.9,9.8,10.0,9.5,9.5,9.5,9.5,74.2,72.5,74.6,73.2
2003-11-01,82.2,87.0,98.3,0.0,0.0,108.0,91.3,54.1,105.4,80.9,47.4,86.0,83.1,112.7,56.1,118.6,-10.5,-17.2,2.5,12.8,-25.8,72.5,78.4,74.0,9.8,9.9,9.5,9.5,9.5,9.5,74.2,72.5,74.6,73.2
2003-12-01,82.9,79.2,92.1,0.0,0.0,104.7,83.5,49.4,86.2,68.2,44.8,77.5,93.4,90.2,50.2,123.9,-11.5,-19.3,-2.5,13.3,-27.2,72.5,78.1,74.1,9.8,9.9,9.6,9.5,9.4,9.6,74.2,72.5,74.6,73.2
2004-01-01,82.9,75.9,88.4,0.0,0.0,108.3,93.5,51.4,107.0,71.0,40.8,76.0,66.7,88.3,50.5,136.7,-9.6,-18.0,3.2,11.9,-25.6,72.5,78.2,74.2,9.8,9.9,9.6,9.5,9.4,9.6,66.0,64.0,65.4,63.7
2004-02-01,83.1,79.7,86.4,0.0,0.0,108.1,95.6,50.5,106.8,74.0,41.9,80.4,72.7,101.7,50.6,125.8,-9.1,-18.0,-0.4,11.9,-26.0,72.5,78.3,74.5,10.1,10.5,9.7,9.7,9.8,9.7,66.0,64.0,65.4,63.7
2004-03-01,83.4,93.1,97.4,0.0,0.0,109.0,102.2,57.5,121.5,87.4,50.5,91.4,91.8,120.8,57.6,130.3,-9.5,-18.2,-3.3,10.4,-26.6,72.9,79.1,75.1,10.3,10.4,10.0,9.7,9.7,9.7,66.0,64.0,65.4,63.7
2004-04-01,83.7,84.8,93.6,0.0,0.0,111.5,100.2,54.1,108.9,79.3,43.4,81.7,81.8,106.6,51.5,114.6,-7.4,-16.5,6.6,8.6,-21.2,73.3,79.1,75.8,10.3,10.4,10.1,9.7,9.7,9.8,76.6,75.1,77.4,76.3
2004-05-01,83.9,81.9,89.6,0.0,0.0,120.6,93.9,52.3,107.4,76.3,43.1,79.2,79.2,103.5,49.6,107.6,-7.4,-15.7,2.7,8.6,-20.1,73.6,78.9,76.1,10.3,10.4,10.1,9.8,9.7,9.8,76.6,75.1,77.4,76.3
2004-06-01,83.9,90.6,95.7,0.0,0.0,118.0,96.7,55.4,119.4,84.5,48.1,89.3,90.8,116.4,54.1,101.7,-8.2,-15.2,-0.5,11.1,-19.1,73.5,79.2,76.0,10.3,10.4,10.1,9.8,9.7,9.8,76.6,75.1,77.4,76.3
2004-07-01,84.1,86.7,95.6,0.0,0.0,119.4,95.1,57.0,110.5,81.8,48.1,85.6,86.0,102.5,52.1,102.9,-6.3,-14.7,6.7,8.7,-15.3,73.9,79.3,76.6,10.3,10.5,10.1,9.8,9.8,9.8,66.6,64.8,66.7,65.4
2004-08-01,84.3,78.9,94.0,0.0,0.0,119.3,96.5,53.3,98.2,73.8,45.0,76.7,74.8,84.5,49.8,101.5,-5.6,-13.7,3.0,7.9,-15.1,74.2,79.2,76.9,10.4,10.6,10.1,9.9,9.9,9.8,66.6,64.8,66.7,65.4
2004-09-01,84.0,92.0,97.3,0.0,0.0,114.5,98.4,55.6,113.8,84.5,51.9,92.2,93.5,114.7,55.3,108.7,-5.3,-11.8,-1.0,9.0,-13.9,74.2,79.3,77.1,10.4,10.7,10.2,9.9,10.0,9.8,66.6,64.8,66.7,65.4
2004-10-01,84.2,89.7,101.8,0.0,0.0,119.1,99.1,54.9,110.1,82.8,51.7,86.8,84.5,115.4,55.1,118.3,-5.2,-12.4,1.3,9.5,-12.9,75.0,79.3,77.8,10.5,10.8,10.2,10.0,10.2,9.8,73.8,72.3,74.0,72.8
2004-11-01,83.8,91.6,103.7,0.0,0.0,112.1,100.4,58.9,112.2,85.1,54.0,91.2,87.2,114.9,57.4,128.2,-6.0,-12.6,-5.1,9.4,-13.0,74.6,79.3,77.9,10.6,10.9,10.2,10.1,10.3,9.8,73.8,72.3,74.0,72.8
2004-12-01,84.8,83.6,98.3,0.0,0.0,118.0,93.5,52.3,91.3,72.8,50.1,83.1,98.7,91.2,53.1,136.3,-5.5,-15.6,1.3,10.0,-10.6,74.7,80.0,77.9,10.7,11.0,10.3,10.2,10.4,9.8,73.8,72.3,74.0,72.8
2005-01-01,84.3,78.9,87.1,0.0,0.0,122.6,100.6,55.9,112.1,72.3,44.9,79.3,68.7,96.2,52.6,129.7,-5.6,-16.0,1.9,8.8,-11.1,75.4,79.9,78.2,10.7,11.1,10.3,10.2,10.5,9.9,67.1,65.5,66.8,65.6
2005-02-01,84.6,80.9,86.2,0.0,0.0,107.7,96.5,58.3,107.8,73.7,46.6,81.7,76.0,102.8,51.9,126.0,-7.4,-16.3,-3.4,10.6,-15.0,75.6,79.9,78.7,10.9,11.2,10.5,10.3,10.6,9.9,67.1,65.5,66.8,65.6
2005-03-01,84.9,90.2,95.7,0.0,0.0,118.1,105.3,60.7,115.5,82.8,52.7,87.1,93.1,114.1,56.4,129.3,-10.1,-18.9,-8.3,13.3,-18.0,76.0,80.0,78.7,10.9,11.2,10.6,10.4,10.7,10.0,67.1,65.5,66.8,65.6
2005-04-01,84.9,90.2,97.8,0.0,0.0,110.2,102.2,59.2,114.0,82.1,51.8,88.3,87.1,119.7,57.5,118.0,-10.5,-18.4,-4.1,12.5,-19.7,76.4,79.8,78.6,11.2,11.5,10.8,10.6,10.8,10.3,76.1,74.9,76.2,75.6
2005-05-01,85.2,83.6,96.7,0.0,0.0,123.1,99.2,56.7,105.2,75.9,48.2,79.4,81.0,101.2,52.6,108.4,-10.7,-17.1,-3.9,13.0,-19.0,76.5,79.8,78.3,11.2,11.5,10.8,10.6,10.9,10.3,76.1,74.9,76.2,75.6
2005-06-01,85.3,96.2,101.9,0.0,0.0,116.5,100.2,63.3,115.3,87.9,57.8,95.2,100.1,122.4,58.1,104.8,-11.1,-15.2,-7.5,13.7,-20.7,76.8,79.9,78.3,11.2,11.6,10.9,10.7,10.9,10.4,76.1,74.9,76.2,75.6
2005-07-01,85.7,86.8,96.8,0.0,0.0,118.6,96.9,62.0,107.2,78.5,51.8,85.3,85.6,106.8,50.9,107.2,-8.9,-14.6,2.9,11.2,-18.6,77.3,79.8,78.0,11.2,11.5,10.9,10.7,10.9,10.4,67.2,66.3,67.4,67.0
2005-08-01,85.9,82.7,100.2,0.0,0.0,126.4,100.1,61.9,100.8,77.2,52.3,81.9,78.7,85.4,49.0,102.6,-8.0,-13.7,-4.6,10.8,-18.2,77.5,79.8,78.0,11.2,11.5,10.8,10.6,10.9,10.4,67.2,66.3,67.4,67.0
2005-09-01,86.2,96.6,102.7,0.0,0.0,118.3,100.4,64.3,115.2,87.0,60.5,95.5,96.7,123.7,55.8,105.8,-6.3,-11.0,0.2,10.0,-14.3,77.7,80.4,78.1,11.1,11.4,10.8,10.6,10.8,10.4,67.2,66.3,67.4,67.0
2005-10-01,86.2,91.2,105.6,0.0,0.0,123.2,101.7,65.4,112.8,82.5,58.6,89.3,84.7,113.5,55.0,115.8,-4.2,-10.1,4.3,9.3,-11.3,78.2,80.4,78.6,11.0,11.2,10.7,10.5,10.6,10.3,75.0,74.2,75.7,75.5
2005-11-01,85.7,97.5,109.7,0.0,0.0,118.9,100.8,65.4,112.0,88.9,64.6,98.1,94.7,124.8,60.7,126.2,-5.1,-11.9,1.2,8.8,-11.9,78.2,80.5,78.7,10.9,11.0,10.7,10.4,10.4,10.3,75.0,74.2,75.7,75.5
2005-12-01,86.6,88.6,102.0,0.0,0.0,121.4,93.0,55.9,94.9,76.8,62.2,84.7,107.8,92.6,54.4,136.1,-3.8,-11.3,9.0,9.3,-9.1,78.3,80.6,78.8,10.7,10.8,10.6,10.2,10.3,10.2,75.0,74.2,75.7,75.5
2006-01-01,86.1,84.9,91.6,0.0,0.0,116.8,103.2,64.9,111.2,77.8,59.2,87.6,76.6,101.6,57.2,147.0,-1.3,-11.2,4.9,7.4,-6.8,79.5,80.5,79.1,10.6,10.7,10.5,10.2,10.2,10.1,66.8,65.3,66.8,65.1
2006-02-01,86.4,86.0,88.9,0.0,0.0,108.2,99.6,61.8,112.2,77.7,56.5,85.7,81.7,111.3,58.3,129.8,0.1,-10.0,7.6,6.4,-4.2,80.0,80.6,79.4,10.5,10.7,10.4,10.1,10.1,10.0,66.8,65.3,66.8,65.1
2006-03-01,86.5,100.5,102.7,0.0,0.0,111.9,109.4,66.2,127.8,91.4,67.8,100.6,101.9,131.0,64.9,137.6,0.9,-8.2,7.9,6.8,-2.8,80.4,80.8,79.6,10.5,10.6,10.3,10.0,10.1,9.9,66.8,65.3,66.8,65.1
2006-04-01,86.8,85.8,94.1,0.0,0.0,115.5,97.6,59.5,113.4,78.6,55.3,84.7,83.4,102.5,56.2,116.6,4.1,-8.5,14.2,3.5,2.7,81.1,80.8,80.4,10.3,10.5,10.2,9.9,9.9,9.8,78.6,78.2,80.2,79.7
2006-05-01,87.0,96.2,104.2,0.0,0.0,124.9,111.1,62.8,122.3,87.3,60.7,94.3,96.1,119.7,60.0,107.6,4.0,-7.1,5.3,4.1,2.6,81.2,80.8,81.3,10.2,10.3,10.1,9.8,9.8,9.7,78.6,78.2,80.2,79.7
2006-06-01,87.1,95.6,100.9,0.0,0.0,119.7,101.4,60.9,120.1,87.9,64.6,95.4,98.4,116.5,59.2,106.2,5.2,-5.4,16.4,0.8,6.6,81.3,81.0,81.2,10.1,10.2,10.0,9.6,9.6,9.6,78.6,78.2,80.2,79.7
2006-07-01,87.5,91.8,97.7,0.0,0.0,122.7,103.1,64.3,116.2,84.8,60.7,89.9,91.5,112.1,57.5,108.6,5.8,-5.0,10.8,1.7,8.3,81.8,81.0,82.1,10.0,10.1,9.9,9.5,9.5,9.5,68.9,68.0,70.1,69.2
2006-08-01,87.4,90.5,102.7,0.0,0.0,124.2,104.1,63.6,115.1,84.8,63.3,97.1,89.6,87.1,54.4,105.4,6.0,-3.2,9.0,1.3,7.8,81.9,81.2,82.3,9.9,10.0,9.8,9.4,9.4,9.5,68.9,68.0,70.1,69.2
2006-09-01,87.0,99.5,100.8,0.0,0.0,112.9,106.6,63.4,123.3,91.3,68.6,98.4,100.8,120.8,61.1,105.4,8.5,0.1,14.0,1.0,11.7,81.6,81.2,82.4,9.8,9.9,9.7,9.4,9.3,9.4,68.9,68.0,70.1,69.2
2006-10-01,87.1,98.6,106.2,0.0,0.0,116.4,102.7,67.1,125.0,92.5,69.4,100.7,96.7,115.3,62.4,115.0,10.3,0.9,12.8,-0.9,14.9,81.7,81.6,83.1,9.7,9.8,9.7,9.3,9.2,9.3,76.4,75.7,78.0,77.2
2006-11-01,87.0,104.7,110.0,0.0,0.0,122.7,102.1,71.3,126.5,97.6,75.4,107.8,106.9,126.9,68.5,122.7,11.6,1.9,14.7,-0.3,16.1,81.6,81.4,83.1,9.6,9.6,9.6,9.1,9.1,9.2,76.4,75.7,78.0,77.2
2006-12-01,87.8,91.2,99.9,0.0,0.0,121.2,100.7,57.7,104.4,80.3,68.9,88.1,109.4,92.0,57.4,128.0,11.3,2.5,20.4,-1.6,19.2,81.6,81.6,83.2,9.4,9.4,9.4,9.0,8.9,9.1,76.4,75.7,78.0,77.2
2007-01-01,87.6,93.0,96.3,0.0,0.0,119.3,107.7,68.6,125.3,86.7,63.3,96.9,89.4,112.9,62.3,122.4,10.7,5.0,12.3,-1.2,16.1,81.6,81.4,83.4,9.2,9.2,9.3,8.8,8.7,9.0,67.2,66.3,66.9,66.2
2007-02-01,88.0,93.0,91.7,0.0,0.0,111.0,104.2,66.5,119.7,86.3,64.9,95.3,92.8,116.4,61.0,114.0,8.9,4.1,16.2,-1.0,14.8,81.7,81.4,83.7,9.1,8.9,9.2,8.6,8.4,8.9,67.2,66.3,66.9,66.2
2007-03-01,88.2,106.3,104.4,0.0,0.0,117.6,115.3,71.8,132.5,97.6,74.3,107.6,110.6,135.0,66.1,121.4,8.8,5.2,12.4,0.9,13.4,81.7,81.5,83.9,8.9,8.8,9.0,8.5,8.3,8.7,67.2,66.3,66.9,66.2
2007-04-01,88.6,94.2,98.1,0.0,0.0,112.7,104.8,72.3,120.5,87.2,64.4,93.3,95.3,114.3,58.3,108.5,8.8,3.1,13.6,1.8,14.4,81.7,81.6,84.6,8.7,8.6,8.9,8.3,8.1,8.6,79.6,80.0,81.3,82.1
2007-05-01,88.7,98.6,103.5,0.0,0.0,115.1,108.1,72.6,124.1,91.7,67.9,96.9,102.1,120.1,61.0,108.6,9.0,5.2,7.8,1.3,13.6,82.1,81.6,84.9,8.6,8.5,8.8,8.2,8.0,8.5,79.6,80.0,81.3,82.1
2007-06-01,88.8,101.9,99.9,0.0,0.0,117.5,105.9,66.0,124.3,95.5,73.5,100.4,107.6,126.9,62.6,105.4,9.9,6.4,12.5,0.1,13.7,82.1,82.0,84.9,8.5,8.4,8.7,8.1,7.9,8.4,79.6,80.0,81.3,82.1
2007-07-01,89.3,100.7,100.9,0.0,0.0,122.8,107.5,71.4,120.8,95.5,72.5,103.0,106.6,120.9,61.6,104.5,8.9,6.8,9.3,0.5,13.3,82.1,82.3,84.9,8.5,8.3,8.6,8.1,7.8,8.3,69.3,69.3,70.3,70.6
2007-08-01,89.1,95.5,104.0,0.0,0.0,115.6,104.6,77.4,118.3,92.2,72.1,98.4,97.5,94.2,57.0,105.8,8.6,6.8,9.3,-0.1,13.4,82.2,82.7,84.9,8.4,8.3,8.6,8.0,7.7,8.3,69.3,69.3,70.3,70.6
2007-09-01,89.3,102.2,102.3,0.0,0.0,117.9,102.1,74.1,122.4,93.7,78.4,101.9,108.2,124.3,59.5,107.3,7.8,6.9,10.7,2.2,11.8,82.3,83.1,84.7,8.4,8.2,8.5,7.9,7.7,8.2,69.3,69.3,70.3,70.6
2007-10-01,89.4,109.1,112.5,0.0,0.0,117.2,108.9,74.7,129.2,101.9,84.2,109.7,113.9,132.4,66.6,122.1,7.0,5.1,3.2,3.9,11.3,82.5,83.9,85.0,8.3,8.1,8.5,7.9,7.6,8.2,77.7,78.1,79.2,79.9
2007-11-01,89.9,109.5,109.9,0.0,0.0,116.9,104.2,76.0,129.5,101.3,88.4,109.6,115.7,134.9,70.4,128.6,7.1,5.6,11.1,3.5,10.5,83.2,84.2,84.8,8.2,8.0,8.4,7.8,7.5,8.1,77.7,78.1,79.2,79.9
2007-12-01,90.5,90.9,95.0,0.0,0.0,120.5,90.4,61.2,101.8,77.8,75.2,86.3,115.0,92.1,56.5,130.9,6.9,7.2,8.2,4.5,12.0,83.2,84.3,84.5,8.1,7.9,8.3,7.7,7.4,7.9,77.7,78.1,79.2,79.9
2008-01-01,90.2,98.6,99.7,0.0,0.0,118.5,111.0,74.3,125.7,92.7,75.2,101.4,98.2,117.8,66.9,126.2,5.2,3.1,4.3,4.3,9.0,83.9,84.8,84.9,8.0,7.8,8.1,7.6,7.3,7.8,69.9,70.0,70.1,70.0
2008-02-01,90.6,101.5,95.0,0.0,0.0,111.9,106.3,71.8,125.2,95.8,75.6,105.2,104.2,131.0,67.9,119.3,5.2,2.3,6.5,3.2,9.3,84.3,85.1,85.5,7.9,7.7,8.0,7.5,7.2,7.7,69.9,70.0,70.1,70.0
2008-03-01,91.1,100.0,94.8,0.0,0.0,124.0,108.0,73.1,125.3,94.4,77.2,100.3,106.6,120.1,64.7,122.1,5.2,1.8,10.1,4.3,9.7,84.7,85.4,85.9,7.8,7.6,8.0,7.4,7.1,7.7,69.9,70.0,70.1,70.0
2008-04-01,90.9,110.4,103.0,0.0,0.0,117.7,111.0,75.3,135.5,106.4,80.7,112.7,118.1,139.8,72.4,120.4,3.0,-0.1,-1.6,3.7,4.6,85.5,85.3,86.5,7.7,7.4,7.9,7.3,7.0,7.6,79.3,80.1,80.1,80.9
2008-05-01,91.5,97.9,98.7,0.0,0.0,116.6,105.3,66.7,126.5,93.1,74.6,98.3,103.0,113.1,64.9,108.2,2.9,1.8,8.7,3.6,6.8,86.2,85.4,86.8,7.5,7.3,7.8,7.2,6.9,7.5,79.3,80.1,80.1,80.9
2008-06-01,91.8,107.3,98.1,0.0,0.0,114.2,104.7,77.2,132.9,102.6,81.8,109.3,120.7,128.3,68.8,102.8,-0.7,-2.8,-1.6,5.7,2.1,87.0,85.7,87.1,7.4,7.2,7.7,7.1,6.8,7.4,79.3,80.1,80.1,80.9
2008-07-01,92.3,104.7,102.4,0.0,0.0,120.9,109.8,76.4,125.1,101.5,80.7,108.3,114.6,118.4,69.1,103.9,-3.3,-4.5,-4.5,6.0,-1.9,88.8,86.1,88.0,7.3,7.0,7.5,6.9,6.6,7.2,70.5,70.5,71.2,71.3
2008-08-01,92.0,91.0,96.5,0.0,0.0,117.8,100.9,71.8,116.5,87.7,73.4,94.1,95.5,86.6,58.2,97.8,-6.9,-7.4,-2.7,9.2,-4.3,88.4,86.3,88.0,7.1,6.9,7.4,6.7,6.5,7.1,70.5,70.5,71.2,71.3
2008-09-01,92.0,108.2,103.7,0.0,0.0,105.5,102.1,75.4,128.4,100.7,83.4,110.5,116.4,127.2,70.8,106.9,-9.4,-10.9,-13.7,10.7,-9.3,88.6,86.3,88.0,7.0,6.9,7.2,6.6,6.4,6.9,70.5,70.5,71.2,71.3
2008-10-01,91.7,105.4,108.7,0.0,0.0,121.0,102.1,80.2,124.3,98.8,83.2,105.1,112.7,116.1,72.5,116.1,-17.2,-15.6,-15.8,14.8,-16.1,88.7,86.3,87.4,7.0,6.9,7.1,6.6,6.4,6.8,80.6,81.1,83.4,84.2
2008-11-01,91.2,97.1,103.1,0.0,0.0,121.7,84.8,73.9,108.6,88.1,83.0,95.2,107.5,105.2,71.0,114.0,-28.8,-26.2,-26.8,20.3,-31.2,87.2,85.5,86.3,7.0,7.0,7.0,6.5,6.4,6.7,80.6,81.1,83.4,84.2
2008-12-01,91.5,84.2,100.7,0.0,0.0,114.6,69.7,64.7,77.7,67.8,73.2,76.5,119.3,66.5,64.4,119.3,-36.9,-33.9,-48.4,26.6,-41.4,86.6,85.1,85.4,7.1,7.1,7.0,6.6,6.5,6.6,80.6,81.1,83.4,84.2
2009-01-01,91.1,75.1,93.9,0.0,0.0,105.4,76.5,74.3,84.2,66.5,56.0,74.7,74.2,71.8,66.0,127.7,-37.5,-34.2,-42.8,23.3,-47.8,85.6,84.9,84.4,7.1,7.3,7.0,6.6,6.6,6.6,71.6,71.5,71.9,71.7
2009-02-01,91.6,75.9,89.1,0.0,0.0,98.2,78.2,71.7,84.2,67.6,57.7,75.5,78.7,70.1,67.8,111.3,-41.3,-34.3,-46.6,28.5,-56.7,85.1,84.8,83.5,7.2,7.4,7.0,6.7,6.8,6.6,71.6,71.5,71.9,71.7
2009-03-01,91.4,87.0,99.4,0.0,0.0,110.4,84.9,75.6,84.0,76.5,63.6,84.0,93.6,93.3,73.6,110.1,-42.0,-40.7,-46.5,28.9,-61.0,84.6,84.6,82.8,7.3,7.6,7.0,6.7,6.9,6.6,71.6,71.5,71.9,71.7
2009-04-01,91.5,78.2,99.9,0.0,0.0,110.1,82.9,69.5,77.4,70.1,54.7,73.6,76.8,76.8,67.5,96.0,-39.7,-40.6,-38.8,30.0,-61.0,83.3,84.7,82.3,7.4,7.7,7.0,6.8,7.0,6.6,83.6,84.3,85.7,86.5
2009-05-01,91.4,78.7,95.7,0.0,0.0,108.9,83.2,69.0,82.9,68.3,55.2,71.5,76.1,87.5,65.7,93.2,-37.9,-37.9,-34.5,28.3,-62.8,83.3,84.6,81.9,7.5,7.8,7.0,6.8,7.1,6.6,83.6,84.3,85.7,86.5
2009-06-01,91.8,84.8,96.4,0.0,0.0,111.5,87.8,70.8,87.0,74.8,59.4,77.6,83.4,98.5,66.8,97.9,-34.7,-34.8,-28.2,26.5,-62.5,83.2,84.7,81.8,7.5,7.9,7.0,6.9,7.2,6.6,83.6,84.3,85.7,86.5
2009-07-01,91.7,85.3,100.4,0.0,0.0,112.3,94.5,72.1,88.6,76.9,60.8,82.0,78.0,94.5,66.5,101.2,-31.2,-32.8,-21.0,23.9,-60.0,82.1,84.7,81.5,7.6,8.0,7.0,6.9,7.2,6.5,72.2,72.2,73.0,73.0
2009-08-01,92.0,74.8,96.2,0.0,0.0,110.5,87.6,64.9,85.9,67.0,56.1,72.5,66.6,67.6,56.8,97.8,-25.2,-27.6,-3.0,20.1,-53.8,82.4,84.7,82.0,7.5,8.0,7.0,6.9,7.2,6.5,72.2,72.2,73.0,73.0
2009-09-01,91.6,93.6,105.7,0.0,0.0,106.4,94.1,73.5,97.8,82.6,67.0,88.7,92.1,115.3,67.4,101.8,-23.6,-29.2,-7.0,18.5,-51.2,82.0,84.5,82.2,7.5,7.9,6.9,6.8,7.2,6.4,72.2,72.2,73.0,73.0
2009-10-01,91.6,91.7,106.9,0.0,0.0,105.7,94.9,75.1,102.2,82.3,69.2,90.2,80.7,109.2,68.7,112.3,-19.6,-24.4,1.4,15.1,-49.6,82.1,84.2,82.3,7.4,7.8,6.8,6.7,7.1,6.3,79.2,79.5,80.2,80.7
2009-11-01,91.5,91.8,104.8,0.0,0.0,104.8,96.1,78.4,101.9,82.9,69.9,88.9,82.0,108.8,68.7,115.1,-19.2,-23.3,5.2,15.9,-47.3,82.1,84.3,82.2,7.2,7.7,6.7,6.6,7.0,6.2,79.2,79.5,80.2,80.7
2009-12-01,92.3,81.7,103.4,0.0,0.0,98.8,81.8,66.6,81.6,68.1,64.9,75.9,92.3,79.2,59.8,126.7,-17.4,-19.9,3.4,14.4,-44.8,82.1,84.3,82.3,7.2,7.6,6.6,6.6,6.9,6.1,79.2,79.5,80.2,80.7
2010-01-01,91.7,75.8,93.4,108.7,92.4,102.2,97.0,67.2,92.7,66.6,54.4,74.2,64.4,83.0,58.9,129.5,-14.9,-19.0,3.5,12.0,-39.2,82.6,84.3,82.5,7.1,7.5,6.6,6.5,6.8,6.1,72.4,71.8,72.3,71.9
2010-02-01,92.0,81.6,90.0,113.1,94.2,92.8,96.4,68.6,98.5,72.6,60.1,81.3,72.2,98.5,62.6,118.0,-12.5,-14.5,4.5,9.3,-38.5,82.5,84.3,82.9,7.0,7.4,6.6,6.5,6.8,6.1,72.4,71.8,72.3,71.9
2010-03-01,92.5,99.6,105.2,130.3,112.7,99.4,110.2,78.6,121.8,88.1,74.2,96.7,95.5,125.9,71.0,118.5,-9.2,-12.6,12.0,6.3,-34.6,82.9,84.2,83.3,6.9,7.3,6.5,6.4,6.7,6.0,72.4,71.8,72.3,71.9
2010-04-01,92.4,89.8,98.1,111.4,104.2,101.0,102.5,68.9,107.4,82.2,65.3,87.7,82.8,109.0,64.4,108.4,-4.3,-7.7,20.8,3.6,-23.7,83.5,84.2,84.4,6.8,7.2,6.4,6.3,6.6,5.9,84.2,84.4,85.2,85.8
2010-05-01,92.5,89.1,96.9,107.6,100.7,107.0,102.2,67.2,108.0,80.4,65.0,88.3,81.7,109.8,58.4,106.3,-1.6,-4.4,19.1,3.4,-19.3,83.9,84.6,85.3,6.7,7.1,6.2,6.2,6.5,5.8,84.2,84.4,85.2,85.8
2010-06-01,92.6,98.5,101.6,119.3,108.4,107.7,104.7,72.7,111.8,91.1,74.2,100.2,95.0,123.6,63.8,95.5,1.3,-3.4,17.4,-0.6,-13.9,84.6,85.1,85.5,6.6,7.0,6.1,6.1,6.4,5.7,84.2,84.4,85.2,85.8
2010-07-01,92.8,92.8,99.7,123.0,104.0,109.9,104.0,74.2,106.3,87.5,69.4,97.2,87.2,105.4,58.2,102.8,4.5,1.0,24.0,-1.3,-7.0,84.8,85.2,85.8,6.5,6.9,6.0,6.0,6.4,5.6,72.9,72.4,72.9,72.7
2010-08-01,92.9,87.4,98.7,111.9,103.6,111.3,103.4,71.9,102.5,81.9,69.2,92.5,83.7,84.3,56.5,98.7,5.8,3.6,23.0,-0.8,-2.0,84.7,85.3,86.2,6.4,6.8,5.9,6.0,6.3,5.5,72.9,72.4,72.9,72.7
2010-09-01,92.7,102.5,105.8,132.5,114.9,108.4,102.4,77.0,112.3,93.2,77.3,105.5,98.9,133.6,65.0,103.4,6.7,3.5,22.8,-0.2,-0.3,84.9,85.3,86.6,6.4,6.7,5.9,5.9,6.3,5.5,72.9,72.4,72.9,72.7
2010-10-01,92.8,100.6,105.6,121.5,112.2,109.1,103.6,75.8,113.9,92.5,78.6,103.1,94.7,129.0,64.4,115.6,7.7,9.8,26.0,0.2,2.9,85.3,85.5,86.8,6.3,6.7,5.9,5.9,6.2,5.5,80.6,80.5,81.0,81.4
2010-11-01,92.9,104.5,109.5,119.3,115.0,108.0,104.2,76.0,115.0,94.9,84.7,105.0,104.1,132.2,69.2,120.0,8.0,9.4,21.6,-0.5,2.2,85.4,85.9,86.9,6.2,6.6,5.9,5.8,6.1,5.5,80.6,80.5,81.0,81.4
2010-12-01,94.0,96.0,102.1,99.4,102.9,107.5,95.0,68.7,89.7,81.1,81.0,91.3,118.6,110.2,60.6,131.4,9.4,10.4,20.0,-0.9,5.2,86.0,86.3,87.4,6.1,6.4,5.8,5.7,6.0,5.4,80.6,80.5,81.0,81.4
2011-01-01,93.5,88.6,92.5,115.8,100.0,107.0,107.1,71.9,108.6,81.4,69.9,90.4,79.6,106.2,65.5,126.3,8.5,11.3,21.5,-0.8,6.1,86.8,86.4,88.4,6.0,6.3,5.7,5.6,5.8,5.3,73.4,72.8,73.4,72.6
2011-02-01,94.1,95.6,91.6,123.3,104.1,98.0,105.6,77.2,112.7,87.0,75.7,95.5,90.1,127.9,70.5,116.7,10.5,12.8,18.7,-1.0,9.7,87.3,86.8,89.4,5.9,6.1,5.6,5.4,5.6,5.2,73.4,72.8,73.4,72.6
2011-03-01,94.7,110.8,104.8,132.4,120.3,103.8,116.7,83.0,124.5,101.5,85.5,110.4,113.0,146.5,79.9,120.6,10.5,14.2,18.1,-3.3,10.4,87.8,87.1,89.5,5.7,6.0,5.5,5.3,5.5,5.1,73.4,72.8,73.4,72.6
2011-04-01,94.9,96.5,99.3,111.6,105.7,100.4,106.8,72.2,113.0,88.8,73.3,94.5,93.9,121.8,68.9,101.3,10.9,13.9,17.9,-3.1,11.8,88.6,87.5,90.1,5.6,5.8,5.4,5.2,5.4,5.0,87.3,87.7,89.0,89.6
2011-05-01,94.8,108.0,104.3,125.6,114.8,102.7,109.1,83.2,124.9,101.5,82.1,108.6,105.7,144.1,76.7,96.5,10.7,14.1,12.4,-4.3,11.8,88.6,87.9,90.1,5.6,5.8,5.4,5.1,5.3,4.9,87.3,87.7,89.0,89.6
2011-06-01,94.8,98.9,98.3,113.9,105.5,102.7,102.1,74.1,112.7,93.1,78.9,98.2,102.9,120.5,66.0,90.8,9.5,12.2,15.4,-3.1,12.2,88.8,88.1,90.3,5.5,5.7,5.3,5.1,5.2,4.9,87.3,87.7,89.0,89.6
2011-07-01,95.2,100.1,97.8,124.3,106.7,112.8,103.0,78.1,111.8,94.7,81.0,101.4,100.8,122.9,65.9,96.3,8.0,11.9,6.0,-2.2,10.5,89.2,88.4,90.4,5.5,5.6,5.3,5.0,5.2,4.9,74.9,74.8,75.4,75.3
2011-08-01,95.2,98.0,101.8,115.6,109.6,110.6,102.4,70.8,108.3,93.7,83.0,104.1,99.2,109.9,66.6,95.6,4.8,6.5,1.9,0.5,7.8,89.0,88.4,90.2,5.4,5.6,5.2,5.0,5.1,4.8,74.9,74.8,75.4,75.3
2011-09-01,95.3,108.3,107.4,129.1,118.8,103.0,99.6,73.7,114.1,101.8,88.7,111.1,111.0,142.2,74.2,96.5,2.3,8.1,7.1,3.1,5.2,89.2,88.5,90.3,5.4,5.5,5.2,4.9,5.0,4.8,74.9,74.8,75.4,75.3
2011-10-01,95.4,101.4,104.7,114.4,113.4,110.2,98.5,72.4,110.6,96.2,81.8,101.0,98.2,131.0,70.4,107.2,0.6,7.1,6.7,4.5,3.7,89.4,88.8,89.7,5.3,5.5,5.1,4.9,5.0,4.7,83.9,84.1,84.9,85.5
2011-11-01,95.4,109.3,109.5,114.1,120.8,105.1,98.0,78.8,111.8,104.8,90.3,109.9,112.3,141.3,80.6,112.4,-1.5,3.7,-3.6,5.2,-0.4,89.4,89.2,89.4,5.2,5.4,5.0,4.8,4.9,4.6,83.9,84.1,84.9,85.5
2011-12-01,96.1,97.3,104.7,93.8,106.3,106.9,88.4,73.3,86.9,86.1,83.2,94.3,119.5,106.6,68.1,117.0,-1.0,1.6,1.4,5.3,-0.2,88.9,89.2,89.2,5.2,5.4,4.9,4.7,4.9,4.6,83.9,84.1,84.9,85.5
2012-01-01,95.7,93.5,95.7,113.5,101.6,103.2,103.7,70.1,106.5,87.9,73.0,95.4,88.4,119.8,73.4,120.8,0.0,3.3,3.6,4.4,0.3,89.4,89.5,89.4,5.1,5.4,4.9,4.7,4.9,4.5,74.6,73.8,73.7,73.1
2012-02-01,96.5,98.7,94.1,117.4,105.1,101.0,101.8,69.4,110.8,91.4,78.0,98.8,98.2,136.5,77.2,123.4,0.0,1.9,0.2,5.3,0.0,89.7,89.9,89.7,5.1,5.4,4.9,4.7,4.9,4.5,74.6,73.8,73.7,73.1
2012-03-01,96.9,110.3,104.8,117.6,116.2,106.5,108.3,81.7,118.7,99.6,87.2,107.1,119.9,146.6,81.5,117.9,-2.5,1.6,-0.9,5.5,-3.7,90.2,90.0,90.1,5.1,5.3,4.8,4.7,4.9,4.5,74.6,73.8,73.7,73.1
2012-04-01,97.0,95.6,94.7,98.3,104.0,103.8,103.2,65.8,107.7,88.4,74.7,92.3,96.7,122.4,72.2,106.2,-1.6,3.0,-1.3,4.6,-3.5,90.4,90.3,90.4,5.1,5.3,4.9,4.7,4.9,4.5,91.6,92.4,92.5,93.7
2012-05-01,96.8,100.6,101.0,107.2,108.1,109.1,103.5,70.3,113.1,94.5,78.5,98.2,102.2,127.6,74.9,101.7,-4.4,-1.1,-5.9,5.1,-8.9,90.2,90.0,90.4,5.1,5.3,4.9,4.7,4.9,4.5,91.6,92.4,92.5,93.7
2012-06-01,96.6,102.5,99.6,112.7,108.5,97.2,99.3,72.5,113.2,96.4,83.5,101.8,108.5,128.7,73.9,99.7,-5.4,-1.4,-5.2,5.6,-10.1,89.7,90.1,90.2,5.1,5.3,4.9,4.7,4.8,4.5,91.6,92.4,92.5,93.7
2012-07-01,97.0,102.1,98.4,115.5,107.5,111.7,102.6,76.6,110.5,95.7,83.2,101.4,105.5,128.3,73.8,100.1,-8.8,-4.8,-10.4,8.2,-12.7,89.8,90.0,90.0,5.1,5.3,4.8,4.7,4.8,4.5,77.4,77.4,77.7,77.9
2012-08-01,97.4,97.0,103.4,106.7,108.7,113.1,101.0,74.6,102.6,91.3,78.4,100.1,96.2,111.9,70.0,101.9,-9.6,-5.6,-7.7,8.7,-14.0,90.2,90.3,90.1,5.0,5.2,4.8,4.6,4.7,4.5,77.4,77.4,77.7,77.9
2012-09-01,97.4,100.3,101.6,108.6,110.3,109.9,94.3,74.5,107.6,92.4,77.5,99.5,102.8,130.2,72.0,102.5,-11.9,-7.9,-8.0,9.4,-17.1,90.4,90.8,90.4,5.0,5.2,4.8,4.6,4.7,4.4,77.4,77.4,77.7,77.9
2012-10-01,97.4,105.3,111.2,109.2,118.2,112.0,100.7,83.4,112.1,99.3,83.3,103.2,103.2,132.8,80.4,112.7,-14.6,-8.5,-18.6,11.4,-22.2,90.5,91.1,90.4,5.0,5.2,4.8,4.6,4.7,4.4,87.4,87.9,87.9,88.8
2012-11-01,97.2,106.0,109.1,105.2,117.5,108.5,98.7,79.3,107.4,98.9,84.8,103.2,108.0,137.9,83.9,114.8,-11.8,-6.7,-8.9,8.2,-20.7,90.5,91.3,90.2,5.0,5.2,4.8,4.6,4.7,4.5,87.4,87.9,87.9,88.8
2012-12-01,98.1,88.2,97.6,85.4,94.5,108.4,85.5,69.1,79.9,77.2,74.1,78.2,111.8,91.6,67.4,115.6,-10.3,-7.6,-7.5,8.6,-19.3,90.3,91.4,90.1,5.0,5.2,4.8,4.6,4.8,4.5,87.4,87.9,87.9,88.8
2013-01-01,97.5,92.5,99.8,110.4,102.9,105.5,104.5,75.4,107.0,87.0,70.8,93.7,84.8,111.9,79.5,123.9,-8.8,-5.8,-9.5,6.5,-19.3,90.8,91.6,90.1,5.1,5.3,4.8,4.7,4.8,4.5,77.5,77.2,78.1,77.3
2013-02-01,98.2,93.6,90.8,107.3,99.6,96.1,98.5,71.8,103.5,87.0,71.4,90.7,92.7,124.9,78.5,114.6,-6.8,-4.5,-2.3,6.7,-16.0,90.6,91.7,90.1,5.1,5.3,4.8,4.7,4.9,4.5,77.5,77.2,78.1,77.3
2013-03-01,98.7,101.2,98.7,107.2,105.3,103.5,105.2,74.3,111.1,92.7,89.6,94.7,103.5,132.7,78.4,124.6,-7.8,-4.7,-4.5,7.0,-19.7,90.4,91.7,90.1,5.0,5.3,4.7,4.7,4.9,4.4,77.5,77.2,78.1,77.3
2013-04-01,98.1,103.1,100.4,107.8,108.2,97.5,101.2,78.8,112.7,96.6,77.1,97.4,104.7,139.9,82.4,108.6,-7.4,-7.1,-10.2,6.5,-19.7,90.4,91.8,89.7,5.0,5.3,4.7,4.6,4.9,4.4,90.9,92.4,92.3,93.6
2013-05-01,98.3,96.2,99.4,98.9,101.5,105.9,103.1,75.5,106.7,90.6,75.9,91.1,94.3,121.0,74.3,98.5,-8.0,-5.7,-0.2,6.7,-18.9,90.0,91.9,89.5,5.0,5.2,4.6,4.6,4.8,4.3,90.9,92.4,92.3,93.6
2013-06-01,98.5,102.5,96.6,105.7,103.9,105.1,99.5,77.1,109.5,97.4,83.2,97.8,109.0,130.8,76.6,98.4,-5.8,-6.7,0.6,7.5,-14.9,90.0,92.1,89.4,4.9,5.2,4.6,4.5,4.8,4.3,90.9,92.4,92.3,93.6
2013-07-01,98.9,103.6,103.0,120.8,109.6,110.1,106.9,78.8,109.9,100.3,78.6,100.5,104.9,127.2,79.5,101.9,-6.4,-3.8,-1.2,6.9,-16.5,89.9,92.4,89.0,4.9,5.2,4.6,4.5,4.7,4.2,76.5,77.2,77.7,78.2
2013-08-01,98.9,94.1,100.1,103.2,102.0,108.5,98.0,74.3,96.7,89.9,75.3,91.7,91.7,116.2,72.0,99.3,-2.1,-3.0,6.3,4.1,-9.4,89.8,92.5,88.9,4.9,5.2,4.5,4.5,4.7,4.2,76.5,77.2,77.7,78.2
2013-09-01,98.9,104.8,101.3,113.5,111.3,100.6,96.5,81.3,111.3,98.8,81.3,100.0,106.9,140.8,78.7,105.9,-1.7,-0.1,4.8,4.0,-9.9,90.1,92.7,88.8,4.9,5.1,4.5,4.4,4.7,4.2,76.5,77.2,77.7,78.2
2013-10-01,98.6,107.0,110.1,113.4,116.6,107.5,104.9,84.3,115.8,102.4,81.7,104.0,103.4,138.1,82.5,113.9,1.0,0.8,4.4,3.1,-7.7,89.9,92.7,88.8,4.8,5.1,4.5,4.4,4.6,4.2,87.4,88.6,89.1,90.3
2013-11-01,98.8,107.1,107.2,106.5,112.5,105.1,99.7,85.5,110.0,101.3,86.9,100.1,108.1,145.8,83.8,114.4,0.9,2.1,10.6,3.4,-6.9,89.8,92.7,88.7,4.8,5.1,4.6,4.4,4.6,4.2,87.4,88.6,89.1,90.3
2013-12-01,99.3,93.6,100.5,84.1,94.8,104.5,90.5,77.1,87.7,81.0,80.1,80.2,117.4,103.8,70.1,117.0,0.3,0.4,5.9,3.1,-7.3,89.9,92.7,88.6,4.8,5.1,4.6,4.4,4.6,4.2,87.4,88.6,89.1,90.3
2014-01-01,98.6,95.4,96.5,116.0,101.4,104.7,106.3,81.8,110.5,90.8,71.8,93.1,88.0,123.2,79.8,119.8,0.5,1.2,6.6,1.6,-7.5,89.8,92.8,88.7,4.8,5.1,4.6,4.4,4.6,4.2,78.3,78.3,78.4,78.4
2014-02-01,99.2,99.0,91.6,116.8,100.0,98.4,102.7,79.4,110.9,93.0,77.7,95.5,94.0,138.7,81.3,107.5,0.8,1.4,7.7,1.5,-6.3,89.7,92.9,88.7,4.8,5.1,4.5,4.4,4.7,4.1,78.3,78.3,78.4,78.4
2014-03-01,99.4,106.7,99.9,113.3,108.0,104.6,108.1,83.6,118.9,99.7,85.4,99.3,107.1,145.8,83.3,112.5,1.2,2.3,8.5,1.2,-5.5,89.6,92.9,88.6,4.8,5.1,4.4,4.4,4.7,4.1,78.3,78.3,78.4,78.4
2014-04-01,99.2,102.0,101.1,110.6,105.6,106.5,103.0,80.9,113.6,97.4,79.0,96.0,97.9,138.3,76.4,99.4,0.5,1.2,4.4,0.8,-6.3,89.5,93.0,88.5,4.8,5.1,4.4,4.3,4.6,4.0,93.7,94.8,95.6,96.9
2014-05-01,99.0,100.6,99.3,108.7,102.9,103.6,99.6,77.9,113.5,95.3,78.3,94.3,98.8,136.2,78.3,96.1,0.8,1.1,6.2,1.2,-6.3,89.3,93.0,88.6,4.7,5.0,4.4,4.3,4.6,4.0,93.7,94.8,95.6,96.9
2014-06-01,99.4,100.4,98.0,110.1,101.4,91.2,96.7,77.5,109.0,96.3,83.6,93.9,103.0,130.7,74.7,93.7,-1.2,-0.6,2.4,1.4,-6.9,89.3,93.0,88.5,4.7,5.0,4.4,4.3,4.6,4.0,93.7,94.8,95.6,96.9
2014-07-01,99.6,108.2,103.5,128.3,108.1,103.5,103.4,83.9,112.9,104.0,86.8,103.3,106.3,151.3,82.9,95.7,-0.9,-1.1,-1.3,2.6,-8.0,89.2,93.1,88.6,4.7,5.0,4.4,4.3,4.5,4.0,79.1,79.4,79.6,80.0
2014-08-01,99.7,89.4,96.0,104.0,97.4,112.4,96.6,78.8,96.9,87.2,78.4,88.5,91.4,88.6,67.2,92.5,-2.9,-2.5,6.8,3.1,-8.5,89.1,93.0,88.6,4.7,5.0,4.4,4.3,4.6,4.0,79.1,79.4,79.6,80.0
2014-09-01,99.7,109.7,104.7,120.2,112.4,103.7,95.3,85.6,114.7,102.4,89.3,105.9,114.3,150.1,82.4,101.7,-5.3,-0.5,-0.4,6.1,-12.0,89.1,92.8,88.6,4.7,5.0,4.4,4.3,4.6,4.0,79.1,79.4,79.6,80.0
2014-10-01,99.3,108.8,110.5,117.6,113.5,103.4,99.3,89.0,116.4,103.9,89.1,104.2,106.5,144.5,86.0,113.1,-6.4,-4.9,-3.7,7.1,-13.6,88.9,92.2,88.6,4.7,5.0,4.3,4.3,4.6,4.0,89.4,90.3,90.5,91.7
2014-11-01,99.3,105.8,103.8,105.6,109.1,102.9,93.3,87.9,110.6,101.4,84.6,101.3,107.2,144.0,83.7,112.3,-4.5,-5.1,2.2,6.3,-10.4,88.9,91.9,88.5,4.6,5.0,4.3,4.3,4.6,3.9,89.4,90.3,90.5,91.7
2014-12-01,99.4,96.8,104.7,88.9,98.0,106.2,88.5,76.7,90.4,84.8,83.0,87.1,121.9,107.5,75.5,117.7,-4.4,-3.6,-3.2,6.1,-9.7,88.5,91.7,88.2,4.6,4.9,4.2,4.2,4.5,3.8,89.4,90.3,90.5,91.7
2015-01-01,98.1,91.0,93.3,111.4,96.1,106.7,101.0,78.3,107.8,86.0,73.8,89.2,83.1,114.1,79.8,122.3,-3.0,-2.1,4.6,4.8,-8.7,87.9,91.6,87.9,4.5,4.9,4.1,4.2,4.5,3.8,80.8,80.6,80.7,80.6
2015-02-01,99.0,97.2,88.6,113.8,96.0,102.3,97.9,78.5,109.7,90.9,80.0,92.7,92.5,136.3,82.6,114.6,-2.1,-0.7,0.1,5.1,-8.0,88.0,91.8,87.7,4.5,4.8,4.1,4.1,4.4,3.8,80.8,80.6,80.7,80.6
2015-03-01,99.7,111.9,105.4,121.7,110.3,107.5,108.0,91.5,120.1,103.9,94.1,104.2,112.9,152.0,91.8,122.5,-0.1,0.9,2.4,5.3,-4.9,88.2,92.1,87.8,4.5,4.8,4.1,4.1,4.4,3.8,80.8,80.6,80.7,80.6
2015-04-01,100.2,102.5,97.8,108.4,104.2,106.4,101.5,83.3,113.2,98.4,80.3,94.8,101.1,136.6,82.5,108.4,-0.3,1.9,3.2,4.4,-4.6,88.2,92.2,88.0,4.4,4.8,4.0,4.1,4.4,3.7,96.5,97.9,98.6,100.4
2015-05-01,100.6,95.7,93.2,98.7,94.6,107.6,96.3,81.1,106.7,90.5,77.7,87.7,94.2,125.9,73.7,99.6,-0.9,2.0,5.5,5.0,-6.3,88.2,92.0,88.1,4.4,4.8,4.0,4.1,4.4,3.7,96.5,97.9,98.6,100.4
2015-06-01,100.5,109.5,102.3,118.9,108.1,108.1,101.1,95.1,117.4,103.6,93.6,101.8,114.4,141.4,86.8,101.8,-1.2,1.1,-1.3,4.8,-6.7,88.1,92.1,88.0,4.4,4.7,4.0,4.0,4.4,3.6,96.5,97.9,98.6,100.4
2015-07-01,100.9,109.1,104.2,124.9,107.2,113.8,103.2,94.1,114.1,103.7,87.6,102.9,107.5,148.5,88.2,107.3,-0.7,0.5,6.0,4.4,-5.3,88.1,91.9,88.1,4.3,4.7,3.9,4.0,4.3,3.6,81.4,81.7,81.7,82.3
2015-08-01,100.8,92.0,95.7,105.6,98.5,108.0,97.0,83.8,101.8,88.8,77.5,89.4,91.3,102.9,72.0,102.7,-1.9,-2.6,5.6,5.2,-5.9,87.7,91.8,87.9,4.3,4.6,3.9,3.9,4.3,3.6,81.4,81.7,81.7,82.3
2015-09-01,100.5,109.9,103.2,123.1,111.3,105.5,96.7,85.4,115.0,104.3,93.2,103.4,109.0,147.9,89.7,109.9,-1.7,-1.0,0.4,5.4,-9.0,87.5,92.0,87.5,4.3,4.6,3.9,3.9,4.2,3.6,81.4,81.7,81.7,82.3
2015-10-01,100.5,109.8,107.1,115.7,112.4,102.8,98.6,87.2,114.6,106.2,86.2,103.7,106.5,152.1,90.9,115.8,-3.4,-2.3,2.1,6.3,-10.1,87.2,92.0,87.2,4.2,4.5,3.9,3.9,4.1,3.6,90.5,91.1,91.0,92.0
2015-11-01,99.5,109.1,105.8,110.9,111.8,101.0,96.7,92.6,111.3,104.2,90.5,101.7,109.5,145.3,96.7,119.0,-2.6,-1.0,4.2,5.1,-9.7,87.0,91.8,87.1,4.2,4.5,4.0,3.9,4.1,3.6,90.5,91.1,91.0,92.0
2015-12-01,99.6,97.9,103.2,90.9,97.9,103.0,89.9,75.6,88.3,86.9,93.0,86.6,120.1,105.6,81.3,120.0,-3.0,-1.7,-0.7,7.3,-8.0,86.7,91.8,86.8,4.2,4.4,3.9,3.8,4.0,3.6,90.5,91.1,91.0,92.0
2016-01-01,98.5,90.3,92.6,109.4,92.1,103.1,100.9,84.3,106.5,85.8,71.7,86.2,80.0,115.1,84.0,125.1,-3.8,-2.2,4.7,7.7,-6.6,86.1,91.9,86.5,4.1,4.4,3.9,3.8,3.9,3.6,84.1,84.1,83.9,84.0
2016-02-01,98.9,103.0,94.6,121.2,101.6,103.3,103.4,82.4,111.0,98.8,83.7,97.2,97.6,143.2,94.1,116.1,-4.3,-3.4,-5.9,5.3,-9.6,85.8,91.8,86.3,4.1,4.3,3.8,3.7,3.9,3.5,84.1,84.1,83.9,84.0
2016-03-01,99.8,109.1,102.2,118.3,107.2,109.4,106.9,87.7,115.0,105.0,91.4,99.9,110.6,145.3,92.7,118.0,-3.8,-3.5,-0.2,5.1,-8.9,85.8,91.8,86.2,4.0,4.3,3.8,3.7,3.8,3.4,84.1,84.1,83.9,84.0
2016-04-01,99.9,107.2,101.6,118.4,106.6,98.1,100.4,86.0,115.8,104.3,83.2,100.2,102.3,149.9,94.4,105.9,-2.8,-3.3,-5.3,4.1,-10.6,85.8,91.7,86.1,4.0,4.3,3.7,3.6,3.8,3.4,95.6,96.3,96.8,98.0
2016-05-01,100.5,98.9,98.8,103.0,98.9,104.0,101.4,85.7,109.4,96.3,79.9,90.5,94.4,124.7,80.2,101.9,-2.3,-1.6,5.2,3.0,-8.2,86.0,91.8,86.4,4.0,4.3,3.7,3.6,3.8,3.4,95.6,96.3,96.8,98.0
2016-06-01,100.6,113.6,102.9,119.6,107.9,100.5,100.7,96.1,116.1,111.1,96.7,105.7,116.1,153.1,94.9,99.4,-1.4,-0.7,1.0,3.7,-7.9,86.3,92.0,86.5,4.0,4.3,3.6,3.6,3.8,3.3,95.6,96.3,96.8,98.0
2016-07-01,101.2,99.4,97.1,116.0,98.2,111.2,98.1,86.6,104.0,96.2,81.2,94.8,95.4,126.3,86.5,103.7,-0.9,-0.7,5.3,3.4,-5.2,86.5,92.5,86.6,3.9,4.3,3.5,3.5,3.8,3.2,83.7,84.2,83.8,84.5
2016-08-01,101.1,100.4,102.7,114.6,101.9,117.0,99.8,91.6,104.0,98.2,85.6,97.7,98.1,118.5,84.7,103.4,-2.8,0.5,-5.1,5.6,-9.8,86.4,92.8,86.6,3.9,4.2,3.4,3.5,3.8,3.1,83.7,84.2,83.8,84.5
2016-09-01,101.1,111.9,106.7,121.9,109.8,111.3,97.0,91.6,111.9,107.6,97.2,106.1,112.9,149.3,96.8,107.7,-0.6,1.5,7.8,4.8,-5.0,86.4,93.1,86.5,3.8,4.2,3.3,3.4,3.8,3.0,83.7,84.2,83.8,84.5
2016-10-01,101.2,103.0,104.2,111.1,104.6,108.1,94.8,87.8,108.7,99.6,87.0,95.8,97.2,135.4,90.5,115.5,0.5,3.9,5.2,4.9,-5.5,86.8,93.3,86.5,3.7,4.2,3.3,3.4,3.7,2.9,93.5,93.9,95.4,96.2
2016-11-01,100.3,113.3,110.0,112.3,111.3,105.5,95.7,96.7,110.9,112.5,96.1,106.2,116.3,147.2,100.1,121.2,0.3,3.5,0.2,4.9,-5.5,86.9,93.5,87.0,3.7,4.1,3.2,3.3,3.7,2.9,93.5,93.9,95.4,96.2
2016-12-01,101.2,99.6,102.1,89.5,97.4,109.4,92.5,82.1,89.5,89.6,94.3,90.3,123.2,105.9,85.3,121.3,2.5,3.6,9.8,4.2,-2.3,87.3,94.0,87.3,3.7,4.1,3.2,3.3,3.7,2.9,93.5,93.9,95.4,96.2
2017-01-01,100.2,96.9,93.3,112.4,97.5,107.6,103.0,91.9,110.2,94.9,82.3,95.2,87.7,124.1,84.7,128.1,2.5,5.5,13.5,2.8,-1.6,87.9,94.1,88.0,3.7,4.0,3.2,3.3,3.6,2.9,84.5,84.1,83.3,82.9
2017-02-01,101.0,100.2,91.7,119.1,95.4,95.5,98.4,85.7,107.8,97.8,82.7,95.9,97.1,135.3,89.7,113.0,3.8,7.5,8.8,2.8,2.4,88.0,94.2,88.5,3.6,4.0,3.2,3.3,3.6,2.9,84.5,84.1,83.3,82.9
2017-03-01,101.3,119.1,107.5,131.7,113.5,107.6,109.7,103.8,123.5,116.7,102.1,112.5,119.6,160.1,104.7,117.0,5.4,5.0,9.3,1.5,2.5,88.0,94.4,88.9,3.6,4.0,3.2,3.3,3.6,2.9,84.5,84.1,83.3,82.9
2017-04-01,101.9,98.0,95.0,102.6,96.4,104.9,98.2,81.2,109.5,96.0,82.7,92.4,94.0,125.7,84.3,106.3,7.9,7.9,19.5,-0.1,7.7,88.2,94.8,89.2,3.6,3.9,3.2,3.2,3.5,2.9,101.0,102.2,103.0,104.7
2017-05-01,101.8,109.8,104.9,117.5,107.3,100.5,100.7,90.8,117.8,109.8,91.3,103.5,107.3,144.0,94.3,107.5,8.2,9.0,12.0,1.3,7.8,88.2,95.2,89.2,3.6,3.9,3.2,3.2,3.5,2.9,101.0,102.2,103.0,104.7
2017-06-01,102.3,108.9,102.1,114.0,103.9,99.3,98.9,90.8,113.3,107.8,95.4,102.4,112.4,136.5,93.4,103.2,10.2,9.1,15.8,-0.1,13.1,88.2,95.7,89.1,3.5,3.9,3.1,3.2,3.5,2.8,101.0,102.2,103.0,104.7
2017-07-01,102.9,103.7,100.8,119.4,100.5,108.3,101.9,90.6,109.1,103.3,89.3,101.0,100.7,127.1,90.3,101.0,11.8,11.0,12.6,-2.0,13.0,88.3,95.9,89.2,3.5,3.8,3.1,3.1,3.4,2.8,86.5,86.8,86.7,87.2
2017-08-01,103.0,105.3,104.0,113.8,105.7,112.3,102.5,96.3,108.4,104.9,92.0,103.8,101.3,128.3,89.8,103.8,10.7,12.6,16.2,-0.3,13.9,88.4,96.0,89.2,3.5,3.7,3.1,3.1,3.3,2.8,86.5,86.8,86.7,87.2
2017-09-01,103.0,112.5,105.9,118.0,110.0,108.8,98.0,96.9,114.0,110.5,97.9,108.4,114.5,147.1,94.6,103.7,12.0,11.4,20.8,-0.3,15.2,88.7,96.2,89.4,3.4,3.7,3.1,3.1,3.3,2.8,86.5,86.8,86.7,87.2
2017-10-01,102.7,105.3,105.8,108.0,107.9,109.1,99.2,89.3,112.2,105.7,89.6,100.1,101.2,130.7,90.8,116.8,13.4,14.0,15.5,0.5,18.0,88.8,95.8,89.6,3.4,3.7,3.1,3.0,3.3,2.8,97.6,98.3,100.2,101.4
2017-11-01,102.0,120.1,113.0,119.8,115.2,106.5,103.2,105.7,116.2,118.0,104.2,113.7,122.3,161.5,103.6,120.3,13.3,14.0,15.8,-1.6,16.8,88.9,95.5,89.7,3.4,3.7,3.0,3.0,3.3,2.7,97.6,98.3,100.2,101.4
2017-12-01,102.7,103.0,100.8,96.2,96.1,109.4,94.3,90.7,93.6,93.1,104.2,92.3,132.4,107.6,84.7,122.6,14.5,16.5,22.2,-1.9,18.9,89.1,95.3,89.9,3.4,3.7,2.9,3.0,3.3,2.6,97.6,98.3,100.2,101.4
2018-01-01,101.7,103.9,100.9,116.8,102.1,107.4,107.3,105.6,114.7,101.4,87.6,103.3,94.0,134.5,98.9,122.7,14.8,15.2,19.9,-1.6,21.5,89.5,95.4,90.6,3.3,3.7,2.9,2.9,3.3,2.5,88.4,87.6,87.7,86.9
2018-02-01,102.2,102.6,92.8,114.2,98.0,97.0,99.2,99.3,110.8,101.8,87.3,100.4,99.4,133.9,96.0,116.3,12.5,13.1,12.9,-2.9,19.2,89.5,95.3,90.8,3.3,3.7,2.8,2.9,3.3,2.5,88.4,87.6,87.7,86.9
2018-03-01,103.0,115.3,102.0,123.7,108.3,105.3,104.8,114.9,119.5,110.9,101.0,109.6,117.6,155.0,101.2,123.5,10.7,11.7,10.2,-1.6,15.6,89.6,95.7,90.9,3.3,3.7,2.8,2.9,3.2,2.4,88.4,87.6,87.7,86.9
2018-04-01,103.2,107.7,98.0,111.2,102.8,101.1,99.5,102.1,115.3,107.2,87.8,101.7,104.3,145.2,97.0,105.4,12.2,13.7,7.6,-2.2,17.4,89.9,95.7,91.1,3.2,3.6,2.7,2.8,3.2,2.4,103.5,104.5,105.6,107.1
2018-05-01,104.3,106.8,102.6,113.2,102.0,106.5,103.0,112.6,114.2,105.7,89.2,99.9,103.4,135.0,93.6,101.2,11.5,11.6,14.0,-2.4,19.9,90.4,95.9,91.5,3.2,3.6,2.7,2.8,3.2,2.4,103.5,104.5,105.6,107.1
2018-06-01,104.4,115.4,102.3,118.4,105.9,104.5,101.7,121.3,117.9,113.7,100.2,109.3,119.2,147.9,101.1,100.2,12.0,12.3,7.6,-2.1,18.2,90.7,96.1,91.8,3.2,3.6,2.7,2.8,3.2,2.4,103.5,104.5,105.6,107.1
2018-07-01,105.2,108.0,100.6,112.9,103.0,109.5,103.8,121.9,111.7,108.3,93.1,104.1,107.7,128.6,95.9,104.8,10.4,11.1,11.9,0.4,17.1,90.9,96.2,91.8,3.2,3.6,2.7,2.8,3.1,2.4,89.5,89.6,89.6,90.0
2018-08-01,105.2,104.5,105.1,106.5,105.1,105.2,99.3,123.8,105.4,106.9,94.0,104.2,104.8,109.8,95.7,108.5,9.6,9.7,6.3,2.1,16.1,91.1,96.3,92.0,3.2,3.5,2.7,2.8,3.1,2.4,89.5,89.6,89.6,90.0
2018-09-01,105.3,108.0,100.3,110.3,105.0,98.8,89.4,120.7,111.9,105.1,97.8,103.8,110.4,129.5,99.0,104.0,9.2,11.0,8.8,4.6,16.0,91.7,96.4,92.0,3.1,3.5,2.7,2.8,3.1,2.4,89.5,89.6,89.6,90.0
2018-10-01,105.4,113.6,110.0,114.1,112.7,95.4,95.8,103.8,116.7,114.0,97.6,110.7,114.6,138.5,106.5,113.9,6.8,10.7,3.2,6.6,10.2,91.9,96.2,92.1,3.1,3.5,2.7,2.8,3.0,2.5,99.9,100.7,101.9,103.2
2018-11-01,104.2,114.9,111.0,112.4,111.3,98.0,93.3,96.4,114.5,114.6,103.3,109.7,119.6,142.9,111.9,115.7,6.7,10.0,10.2,6.1,10.3,92.0,96.1,92.2,3.1,3.4,2.7,2.7,3.0,2.5,99.9,100.7,101.9,103.2
2018-12-01,104.4,96.2,95.1,84.1,88.3,104.5,85.0,81.7,85.9,86.9,96.2,83.9,123.5,99.5,87.3,117.8,3.9,8.9,6.8,5.8,6.2,91.7,96.0,92.0,3.1,3.4,2.7,2.7,3.0,2.4,99.9,100.7,101.9,103.2
2019-01-01,103.4,101.3,101.1,118.7,99.3,105.6,104.7,94.9,113.1,101.9,90.6,98.6,93.9,120.4,103.6,129.2,2.4,3.8,-6.1,6.8,4.3,92.0,96.1,92.2,3.0,3.4,2.7,2.7,3.0,2.4,90.5,89.6,89.4,88.5
2019-02-01,103.9,103.3,94.5,110.6,97.0,101.0,98.0,88.2,107.7,102.6,90.5,97.0,101.4,134.3,105.3,111.8,0.5,2.9,4.7,8.0,2.8,92.0,96.2,92.2,3.0,3.3,2.7,2.7,2.9,2.4,90.5,89.6,89.4,88.5
2019-03-01,104.4,112.0,102.9,116.1,104.9,100.8,101.5,100.0,114.7,110.8,106.2,104.2,115.6,138.7,108.3,117.6,-2.5,-2.5,1.0,9.4,1.0,91.8,96.3,92.3,3.0,3.3,2.6,2.6,2.9,2.4,90.5,89.6,89.4,88.5
2019-04-01,105.4,105.1,103.3,114.0,100.9,94.5,98.1,86.1,107.8,105.5,92.6,95.9,103.4,131.0,105.2,101.9,-5.3,-3.9,-4.8,12.1,-2.9,92.3,97.3,92.4,2.9,3.2,2.6,2.6,2.8,2.3,107.8,108.7,109.3,110.6
2019-05-01,105.7,109.9,103.2,114.7,103.2,97.8,98.6,99.4,112.4,107.9,97.7,100.6,108.1,143.2,109.2,97.1,-5.0,-5.7,-3.9,10.7,-8.1,92.2,97.5,92.2,2.9,3.2,2.5,2.6,2.8,2.3,107.8,108.7,109.3,110.6
2019-06-01,106.0,100.1,93.9,99.6,94.0,92.9,92.2,89.6,103.4,97.5,93.5,89.7,104.3,121.2,95.8,88.2,-8.8,-8.8,3.2,11.5,-12.2,91.9,97.9,92.1,2.9,3.2,2.5,2.5,2.8,2.2,107.8,108.7,109.3,110.6
2019-07-01,106.4,109.0,104.8,118.4,103.7,103.0,100.2,96.4,107.4,108.4,97.9,100.8,109.9,133.2,106.9,92.5,-12.0,-13.2,-25.5,13.8,-17.2,92.0,97.8,91.9,2.9,3.2,2.4,2.5,2.8,2.2,91.8,91.7,92.1,92.3
2019-08-01,106.3,97.4,102.4,101.5,98.1,107.6,93.6,84.4,98.5,96.6,94.8,92.4,96.6,103.4,98.6,90.0,-10.7,-11.6,-3.7,12.4,-17.4,91.7,97.8,91.8,2.9,3.3,2.4,2.5,2.8,2.2,91.8,91.7,92.1,92.3
2019-09-01,106.2,108.2,104.0,115.0,102.7,97.1,87.0,88.2,106.9,105.0,104.4,100.7,111.1,135.9,110.5,93.1,-15.1,-12.8,-5.3,15.6,-23.3,91.8,98.1,91.7,2.9,3.3,2.5,2.5,2.8,2.2,91.8,91.7,92.1,92.3
2019-10-01,106.3,109.0,110.4,110.3,108.1,102.9,96.8,99.6,106.3,106.9,99.7,102.1,105.9,131.5,110.7,106.4,-14.4,-10.6,-5.1,16.1,-22.0,91.7,98.2,91.5,2.9,3.3,2.5,2.6,2.8,2.2,103.0,103.4,104.6,105.3
2019-11-01,105.4,108.5,108.6,105.2,104.4,94.7,91.6,96.4,99.1,105.3,99.6,99.5,110.2,134.3,117.8,110.9,-14.7,-12.8,-4.0,14.1,-25.3,91.7,98.4,91.2,3.0,3.3,2.6,2.6,2.9,2.3,103.0,103.4,104.6,105.3
2019-12-01,106.0,92.9,97.6,86.2,88.2,102.4,83.4,76.6,78.1,81.3,97.4,77.5,117.5,91.8,95.4,110.3,-14.6,-14.9,-10.1,14.4,-25.3,91.8,99.1,91.2,3.1,3.4,2.7,2.7,2.9,2.4,103.0,103.4,104.6,105.3
2020-01-01,105.1,97.9,100.5,108.8,97.3,108.6,102.6,93.6,102.0,95.5,91.5,93.4,87.0,116.8,111.9,116.8,-10.6,-15.0,-7.5,10.3,-23.7,92.5,99.4,91.5,3.2,3.5,2.8,2.7,3.0,2.5,92.7,92.0,91.2,90.4
2020-02-01,105.7,101.0,94.2,104.1,96.7,105.0,100.9,99.1,104.8,96.1,90.9,94.7,93.5,129.1,112.6,109.0,-10.6,-17.1,1.5,10.9,-20.5,92.1,99.7,91.3,3.3,3.6,2.9,2.8,3.1,2.5,92.7,92.0,91.2,90.4
2020-03-01,105.8,103.5,107.4,104.3,106.2,103.6,105.5,102.4,104.3,102.0,101.5,98.3,105.4,98.3,116.4,105.4,-17.3,-19.6,-6.0,8.8,-20.5,91.4,99.9,91.0,3.4,3.7,3.0,2.9,3.2,2.6,92.7,92.0,91.2,90.4
2020-04-01,106.2,72.6,91.5,73.7,91.5,87.8,90.4,97.0,75.9,73.2,78.2,75.9,72.9,20.1,85.2,83.4,-35.8,-29.3,-48.3,19.9,-36.1,90.9,99.8,90.8,3.5,3.9,3.2,3.1,3.4,2.7,109.1,109.8,110.0,110.8
2020-05-01,106.2,78.8,90.2,80.0,84.9,96.0,85.1,90.2,76.0,75.7,76.5,77.5,78.1,62.2,86.5,80.4,-29.2,-29.7,-47.3,22.8,-46.3,90.4,98.8,90.4,3.7,4.0,3.3,3.2,3.5,2.9,109.1,109.8,110.0,110.8
2020-06-01,106.9,93.9,100.0,89.9,92.3,96.0,86.5,96.2,80.4,88.1,87.0,85.1,99.5,105.4,91.9,83.4,-22.1,-26.8,-11.6,22.5,-48.7,90.4,98.7,90.4,3.8,4.1,3.4,3.3,3.6,3.0,109.1,109.8,110.0,110.8
2020-07-01,106.4,97.7,101.6,101.7,98.1,101.2,95.2,97.3,84.9,91.1,87.1,90.4,92.3,118.9,91.0,85.6,-15.2,-23.4,5.2,16.0,-43.4,90.6,98.4,90.4,3.8,4.2,3.5,3.3,3.6,3.0,95.5,95.4,95.6,95.5
2020-08-01,106.2,84.2,97.4,86.3,89.9,100.5,89.5,79.1,83.4,83.2,82.8,82.3,78.6,77.2,81.4,90.9,-9.8,-19.1,20.6,11.3,-33.2,90.7,98.3,90.5,3.9,4.2,3.5,3.4,3.6,3.0,95.5,95.4,95.6,95.5
2020-09-01,105.8,103.7,105.1,104.1,104.1,97.5,89.9,101.1,96.8,100.4,94.3,98.0,100.1,126.4,101.2,91.8,-7.4,-16.4,9.3,10.8,-32.0,91.0,98.2,90.7,3.8,4.2,3.5,3.3,3.6,3.0,95.5,95.4,95.6,95.5
2020-10-01,105.8,105.9,108.5,101.6,108.3,102.2,98.6,94.9,101.2,102.2,95.3,100.2,95.9,133.1,103.4,106.3,-3.0,-12.1,24.8,6.2,-22.0,91.1,98.0,90.8,3.8,4.2,3.4,3.3,3.7,3.0,102.7,102.8,103.2,103.4
2020-11-01,104.7,108.9,102.9,100.8,106.6,96.7,96.6,97.3,100.8,105.5,103.3,101.2,103.0,142.8,105.8,106.7,-3.7,-12.6,22.4,3.6,-16.1,91.1,98.0,91.0,3.8,4.2,3.4,3.3,3.7,2.9,102.7,102.8,103.2,103.4
2020-12-01,105.3,96.8,99.3,82.4,95.0,95.1,94.0,85.9,82.1,87.4,101.9,85.4,111.9,102.5,89.8,107.8,-0.9,-9.9,10.1,1.1,-9.6,91.8,97.8,91.3,3.8,4.2,3.4,3.4,3.7,2.9,102.7,102.8,103.2,103.4
2021-01-01,106.8,88.3,89.8,93.1,88.3,96.7,102.7,85.9,97.2,86.2,84.5,87.6,79.1,94.4,93.1,111.5,1.1,-9.0,10.9,1.9,-6.3,93.7,98.1,93.4,3.9,4.2,3.4,3.4,3.8,3.0,92.5,92.3,91.1,90.8
2021-02-01,107.4,97.3,89.4,94.8,94.0,85.8,97.3,91.0,99.4,95.9,93.4,97.7,91.9,115.4,103.6,100.9,6.5,-4.8,8.8,-2.0,-2.5,94.4,98.2,94.1,3.9,4.3,3.5,3.4,3.8,3.0,92.5,92.3,91.1,90.8
2021-03-01,107.9,116.2,109.3,115.3,112.4,96.8,110.5,112.3,116.2,114.3,111.3,113.2,114.1,135.5,116.4,108.7,12.3,-1.6,18.8,-6.4,5.7,95.2,99.0,95.0,3.9,4.2,3.4,3.4,3.8,3.0,92.5,92.3,91.1,90.8
2021-04-01,108.4,100.5,91.6,96.0,100.0,97.6,100.4,90.3,103.3,101.3,97.3,99.5,98.4,110.8,100.3,100.7,15.1,2.1,22.5,-8.6,11.7,95.9,99.4,96.5,3.8,4.1,3.4,3.4,3.7,3.0,108.1,108.8,108.0,108.6
2021-05-01,108.7,95.6,94.9,92.4,98.0,97.7,100.9,97.9,104.3,96.2,94.1,95.6,93.4,92.2,93.4,92.9,16.0,2.8,11.3,-8.6,16.9,97.0,99.5,98.1,3.7,4.0,3.3,3.3,3.6,2.9,108.1,108.8,108.0,108.6
2021-06-01,109.1,104.4,103.5,104.5,108.0,92.2,99.0,105.8,106.6,107.7,104.7,105.9,106.3,99.5,103.0,88.6,19.8,7.5,14.3,-9.3,23.7,97.9,100.0,99.3,3.6,3.9,3.2,3.2,3.5,2.9,108.1,108.8,108.0,108.6
2021-07-01,109.7,100.2,99.6,103.8,102.7,100.4,99.5,104.7,98.7,102.1,98.0,101.6,100.2,97.8,95.7,88.3,22.2,14.9,17.8,-14.9,26.5,99.6,100.2,101.4,3.5,3.8,3.1,3.1,3.5,2.8,97.7,97.5,97.4,97.2
2021-08-01,109.8,88.1,99.8,99.5,94.6,108.3,98.3,95.3,88.2,93.8,95.5,94.2,89.3,58.6,84.2,89.1,23.2,14.5,8.5,-15.3,25.5,100.8,100.4,102.8,3.4,3.8,3.0,3.1,3.4,2.7,97.7,97.5,97.4,97.2
2021-09-01,110.1,102.0,106.5,109.7,103.3,100.6,96.0,108.6,100.6,105.2,104.4,106.0,105.9,88.8,103.2,95.4,24.2,14.3,5.0,-13.6,27.9,102.6,100.4,103.5,3.4,3.8,3.0,3.1,3.4,2.7,97.7,97.5,97.4,97.2
2021-10-01,110.7,100.5,105.8,102.3,102.7,111.9,98.0,102.5,100.3,101.3,99.8,100.7,97.9,96.1,106.6,105.8,21.5,15.3,10.2,-13.7,25.6,105.8,100.9,104.5,3.4,3.8,3.0,3.1,3.4,2.7,106.4,106.1,106.5,106.2
2021-11-01,111.0,108.4,109.3,103.2,104.4,105.0,100.7,110.3,100.4,108.2,107.2,104.9,107.4,116.7,110.5,107.2,20.6,15.6,4.2,-11.7,26.9,106.8,101.6,105.4,3.4,3.8,2.9,3.1,3.4,2.7,106.4,106.1,106.5,106.2
2021-12-01,111.3,98.5,100.2,85.3,91.5,107.2,96.8,96.0,84.6,87.8,109.8,93.0,116.1,94.2,90.1,110.8,23.5,18.6,12.7,-15.2,29.1,110.5,102.2,106.1,3.3,3.7,2.9,3.1,3.4,2.7,106.4,106.1,106.5,106.2
2022-01-01,112.3,90.9,93.3,101.8,91.6,108.0,103.7,95.3,99.6,90.5,90.4,92.1,81.9,90.6,99.3,114.4,22.6,19.4,10.7,-13.4,28.4,114.7,104.5,109.5,3.3,3.7,2.9,3.0,3.3,2.7,96.9,95.2,95.6,93.3
2022-02-01,113.3,98.2,92.1,103.2,94.2,96.0,99.0,106.5,99.8,98.2,97.6,100.2,93.0,107.2,105.2,110.1,22.2,21.6,6.3,-13.8,27.9,116.3,105.2,111.2,3.2,3.6,2.9,3.0,3.2,2.6,96.9,95.2,95.6,93.3
2022-03-01,116.1,109.7,110.0,115.5,108.2,107.8,107.6,126.5,108.9,112.1,116.6,112.7,110.6,100.4,118.1,107.9,15.0,9.5,2.6,-13.4,29.0,121.7,107.8,114.0,3.2,3.5,2.8,2.9,3.1,2.6,96.9,95.2,95.6,93.3
2022-04-01,116.9,93.3,93.2,96.3,92.5,114.2,94.9,93.8,97.6,95.1,95.2,94.2,89.1,91.1,97.0,100.6,15.5,6.1,-5.5,-12.1,29.4,124.9,111.7,118.0,3.1,3.4,2.8,2.8,3.1,2.6,117.7,117.3,116.9,116.3
2022-05-01,118.2,101.9,101.1,104.6,97.0,107.3,95.4,99.8,101.6,103.7,104.5,104.0,99.7,105.4,106.8,91.5,14.0,9.6,0.5,-11.6,20.4,126.9,113.2,120.0,3.1,3.4,2.8,2.8,3.0,2.6,117.7,117.3,116.9,116.3
2022-06-01,118.1,101.9,101.4,102.6,93.2,111.3,91.3,97.8,100.1,99.9,106.4,101.2,105.2,107.2,102.3,87.4,15.1,8.1,7.7,-8.5,22.9,128.4,114.3,120.5,3.1,3.4,2.8,2.8,3.0,2.6,117.7,117.3,116.9,116.3
2022-07-01,119.0,95.3,95.6,100.7,87.0,115.0,90.2,94.4,93.3,94.7,99.4,99.6,94.2,96.4,94.5,91.7,11.2,7.5,-0.6,-7.1,22.4,133.3,115.7,121.0,3.1,3.4,2.9,2.8,3.0,2.6,100.7,99.0,98.7,96.9
2022-08-01,119.5,94.0,101.7,93.8,87.9,106.9,87.6,99.1,89.5,95.1,105.1,103.2,95.4,82.7,96.0,87.9,8.2,4.7,-7.6,0.0,17.0,140.8,116.7,121.4,3.1,3.4,2.9,2.8,3.1,2.6,100.7,99.0,98.7,96.9
2022-09-01,122.1,108.6,105.9,107.5,95.1,106.7,82.2,119.9,99.2,104.3,117.8,111.9,110.9,125.2,111.6,89.0,4.6,1.6,0.6,3.0,16.4,143.5,117.8,121.9,3.1,3.4,2.9,2.8,3.1,2.6,100.7,99.0,98.7,96.9
2022-10-01,123.5,97.1,100.3,95.2,88.0,105.9,77.7,110.8,92.6,96.9,99.6,101.3,96.5,103.9,101.7,90.8,3.5,1.0,-0.6,5.8,14.5,140.5,119.0,122.6,3.1,3.4,2.9,2.8,3.0,2.6,116.9,115.2,115.3,113.5
2022-11-01,123.5,109.9,107.9,100.9,92.8,104.8,80.5,108.9,93.4,105.6,115.9,114.5,111.6,133.7,123.2,97.8,3.7,3.3,-12.7,6.5,12.1,136.2,119.4,122.2,3.1,3.3,2.9,2.8,3.0,2.6,116.9,115.2,115.3,113.5
2022-12-01,122.0,96.5,97.9,80.9,75.5,107.1,69.0,109.7,75.9,84.4,111.9,92.8,119.4,100.6,100.2,102.1,3.2,3.0,1.6,7.6,11.6,135.3,120.0,121.7,3.1,3.3,2.9,2.8,2.9,2.6,116.9,115.2,115.3,113.5
2023-01-01,122.6,93.4,93.9,96.9,81.3,97.1,85.0,102.3,95.1,89.9,96.2,102.0,86.2,107.5,110.1,103.8,4.2,6.1,-2.9,7.6,8.0,134.6,122.1,123.0,3.1,3.2,2.8,2.7,2.9,2.5,103.3,100.5,100.7,97.5
2023-02-01,123.8,98.6,91.0,96.5,80.8,88.2,82.5,97.7,94.8,92.6,99.5,103.8,94.3,128.0,109.9,94.6,1.9,2.8,-1.7,7.9,6.2,133.5,123.1,123.0,3.0,3.2,2.8,2.7,2.9,2.5,103.3,100.5,100.7,97.5
2023-03-01,125.1,115.5,105.0,112.4,93.6,96.5,88.6,116.3,106.5,110.0,125.8,120.4,114.4,147.3,126.3,98.1,-0.5,1.4,-5.9,7.4,3.2,132.0,123.8,122.6,3.0,3.2,2.8,2.7,2.8,2.5,103.3,100.5,100.7,97.5
2023-04-01,125.8,91.5,87.2,89.4,77.3,85.8,76.2,101.4,92.3,88.2,95.0,93.8,88.7,108.9,97.3,84.4,-1.5,-0.4,3.8,7.2,0.4,132.6,124.2,122.0,3.0,3.2,2.7,2.7,2.8,2.5,122.4,122.1,121.4,121.0
2023-05-01,125.6,100.3,96.8,96.5,83.0,82.4,78.3,95.1,97.0,96.2,103.4,103.3,98.8,126.1,109.5,74.7,-5.5,-2.6,-17.5,12.4,-4.4,131.3,124.4,121.2,3.0,3.2,2.7,2.7,2.9,2.5,122.4,122.1,121.4,121.0
2023-06-01,126.1,105.5,101.0,101.5,84.9,92.4,79.1,110.7,95.3,101.6,116.5,107.7,109.1,125.9,118.5,70.2,-8.8,-4.4,-6.1,13.5,-10.1,130.9,124.4,120.5,3.0,3.2,2.8,2.7,2.9,2.5,122.4,122.1,121.4,121.0
2023-07-01,126.7,94.0,93.9,95.2,78.6,90.4,78.0,103.0,88.9,90.8,100.5,98.6,95.0,102.5,104.2,73.1,-13.6,-8.3,-10.9,16.8,-15.9,130.0,124.3,119.5,3.0,3.3,2.8,2.7,2.9,2.5,106.9,105.1,105.0,103.1
2023-08-01,127.2,93.4,98.9,91.4,79.4,98.5,78.6,104.0,87.6,94.1,106.3,102.1,92.3,94.1,103.2,68.5,-15.6,-7.9,-19.5,18.0,-22.1,130.3,124.0,118.9,3.1,3.3,2.8,2.8,3.0,2.6,106.9,105.1,105.0,103.1
2023-09-01,127.4,101.0,98.7,93.9,83.2,92.7,74.6,97.7,91.6,96.1,112.0,102.2,105.8,119.7,118.4,68.6,-13.7,-10.6,-8.3,17.6,-18.7,130.5,123.6,118.7,3.1,3.4,2.8,2.8,3.0,2.6,106.9,105.1,105.0,103.1
2023-10-01,127.2,97.1,99.8,90.3,84.9,88.2,76.2,98.9,90.0,94.4,106.4,97.7,93.5,113.6,114.5,83.3,-14.9,-14.7,-13.7,16.0,-21.8,130.1,123.4,118.3,3.1,3.4,2.9,2.8,3.0,2.6,120.8,118.7,120.4,118.2
2023-11-01,126.3,104.9,103.2,94.7,87.4,89.6,78.8,102.0,90.6,99.2,111.9,102.8,105.0,131.5,121.7,91.6,-15.4,-10.8,-12.7,16.2,-22.7,129.4,123.3,118.0,3.2,3.4,2.9,2.8,3.0,2.6,120.8,118.7,120.4,118.2
2023-12-01,126.6,88.1,92.3,73.0,70.1,92.0,67.5,89.7,69.2,78.0,108.2,80.6,109.2,88.9,105.4,97.4,-14.3,-11.6,-5.3,13.8,-24.0,128.3,123.4,118.0,3.2,3.4,2.9,2.8,3.0,2.7,120.8,118.7,120.4,118.2
2024-01-01,126.4,90.0,97.3,89.0,78.9,95.7,84.0,99.5,93.6,85.5,96.9,89.5,82.8,100.2,124.1,100.2,-16.3,-9.8,-10.5,12.9,-26.1,128.5,123.5,118.0,3.2,3.4,3.0,2.9,3.0,2.7,111.0,108.3,108.3,105.2
2024-02-01,127.2,96.6,93.5,96.4,82.3,93.9,86.1,105.4,96.0,89.8,101.8,90.2,90.5,118.8,123.9,88.1,-18.3,-12.2,-10.5,16.6,-27.9,128.0,123.6,117.8,3.2,3.4,3.0,2.9,3.1,2.7,111.0,108.3,108.3,105.2
2024-03-01,128.0,98.0,96.8,96.6,82.6,96.3,87.7,107.9,97.0,90.8,106.5,89.8,95.6,115.0,118.7,84.9,-17.0,-9.0,-10.6,13.7,-26.6,128.2,124.3,118.0,3.3,3.5,3.1,2.9,3.1,2.7,111.0,108.3,108.3,105.2
2024-04-01,128.8,99.0,97.6,92.7,85.1,96.4,84.2,103.9,95.9,93.4,103.3,90.5,92.5,123.7,119.8,78.5,-18.4,-12.5,-22.2,14.5,-33.0,128.4,124.8,118.3,3.4,3.6,3.1,3.0,3.2,2.8,127.9,127.2,125.9,125.1
2024-05-01,129.1,89.6,97.4,85.9,79.6,101.2,82.8,95.1,91.1,84.7,94.1,79.1,84.6,98.5,109.5,72.1,-18.0,-12.2,-3.7,15.2,-31.6,128.3,124.9,118.6,3.4,3.6,3.2,3.0,3.2,2.8,127.9,127.2,125.9,125.1
2024-06-01,129.3,96.1,94.4,89.9,80.7,101.3,84.0,99.7,93.0,90.5,106.3,86.8,95.3,111.4,114.9,70.7,-17.1,-10.2,-18.7,15.5,-28.6,128.4,125.2,118.5,3.4,3.6,3.2,3.1,3.2,2.9,127.9,127.2,125.9,125.1
2024-07-01,130.0,95.8,100.4,95.2,82.8,102.0,87.2,100.2,91.3,90.5,103.2,86.1,92.1,106.4,121.5,71.2,-18.9,-11.2,-14.6,16.8,-32.8,128.6,125.1,118.5,3.4,3.6,3.2,3.1,3.2,2.9,111.2,109.2,108.7,106.5
2024-08-01,129.8,86.5,95.8,83.6,75.5,100.0,80.8,94.9,82.7,81.9,97.4,79.4,81.0,90.9,107.6,70.4,-20.0,-14.5,-14.7,17.3,-36.9,128.9,125.2,118.3,3.4,3.6,3.2,3.0,3.2,2.9,111.2,109.2,108.7,106.5
2024-09-01,129.7,96.0,100.2,88.3,81.3,89.6,73.7,97.6,87.8,90.0,106.4,86.7,96.3,113.9,125.2,73.5,-22.6,-18.5,-15.3,19.0,-38.5,128.3,125.4,118.3,3.4,3.6,3.2,3.0,3.2,2.9,111.2,109.2,108.7,106.5
2024-10-01,130.2,96.8,105.0,88.3,84.4,86.1,77.4,97.4,93.1,91.9,103.9,90.9,91.9,113.9,119.0,78.3,-23.3,,-19.2,19.6,-40.8,128.6,125.6,118.2,3.4,3.6,3.2,3.0,3.2,2.9,125.2,124.1,124.9,123.7
2024-11-01,129.3,98.0,101.8,86.2,81.8,103.2,75.2,94.7,90.1,90.6,107.4,89.4,94.9,118.3,133.5,88.5,-22.6,,-10.7,21.3,-38.5,129.4,126.1,118.2,3.4,3.6,3.2,3.0,3.2,2.9,125.2,124.1,124.9,123.7
2024-12-01,130.2,83.7,92.3,64.6,65.8,97.9,67.8,91.5,68.7,76.8,109.0,73.3,101.7,74.0,114.1,92.7,-28.6,,-19.4,24.3,-44.3,129.3,126.3,118.2,3.5,3.7,3.2,3.1,3.2,2.9,125.2,124.1,124.9,123.7
2025-01-01,129.9,87.7,98.9,87.7,75.7,101.8,87.0,99.9,88.3,79.0,92.5,81.7,76.0,102.5,120.1,96.2,-25.4,,-17.1,20.6,-44.6,129.3,126.9,118.3,3.5,3.7,3.3,3.1,3.3,2.9,113.9,111.5,109.0,106.2
2025-02-01,130.5,90.8,90.1,88.8,76.0,85.8,83.1,96.1,88.8,83.8,98.9,84.6,84.9,109.9,117.7,85.5,-23.2,,-8.3,20.5,-42.1,129.0,127.0,118.8,3.6,3.8,3.3,3.2,3.4,3.0,113.9,111.5,109.0,106.2
2025-03-01,131.0,101.4,98.1,93.9,80.6,96.1,88.3,126.2,97.8,91.2,112.7,92.1,98.4,121.9,126.2,86.4,-21.0,,-10.7,17.2,-40.7,128.0,127.4,118.9,3.6,3.9,3.3,3.3,3.5,3.0,113.9,111.5,109.0,106.2
2025-04-01,131.6,93.0,97.0,87.1,78.1,91.7,82.1,91.6,90.3,85.9,99.1,85.7,86.4,112.0,114.1,76.4,-19.6,,-9.1,14.2,-38.1,127.1,128.4,118.9,3.7,4.0,3.3,3.3,3.6,3.0,134.9,134.4,131.5,130.8
2025-05-01,131.8,92.8,96.1,84.5,76.9,97.5,78.1,105.8,92.4,86.1,98.1,82.7,86.5,112.1,116.8,77.8,-17.4,,-3.8,14.1,-36.4,126.9,129.0,118.9,3.7,4.0,3.4,3.4,3.7,3.0,134.9,134.4,131.5,130.8
2025-06-01,131.9,91.6,94.7,81.8,75.3,93.4,77.0,96.2,86.4,84.9,104.9,81.5,88.9,107.6,112.8,76.8,-20.5,,-9.0,15.9,-42.7,127.0,129.4,118.7,3.7,4.1,3.4,3.4,3.7,3.0,134.9,134.4,131.5,130.8
2025-07-01,132.4,96.5,100.8,93.1,81.1,98.9,81.1,110.4,88.6,90.1,104.6,89.4,93.5,109.6,122.1,75.6,-18.0,,-10.2,17.3,-39.5,126.9,129.2,118.5,3.8,4.1,3.4,3.4,3.7,3.0,115.0,112.9,112.1,109.8
2025-08-01,132.5,80.1,92.6,74.6,71.1,100.6,74.9,90.0,81.9,77.1,92.0,78.0,78.0,72.5,97.9,71.9,-19.3,,2.3,16.7,-38.0,126.5,129.2,118.3,3.8,4.1,3.4,3.4,3.8,3.1,115.0,112.9,112.1,109.8
2025-09-01,132.8,99.0,103.1,87.8,82.2,91.9,74.8,106.2,90.6,91.8,113.1,93.2,97.4,117.8,126.7,77.2,-20.1,,-9.1,19.5,-42.0,126.4,129.2,118.4,3.8,4.2,3.4,3.5,3.8,3.1,115.0,112.9,112.1,109.8
2025-10-01,133.2,96.1,104.2,86.1,82.8,96.2,76.3,106.4,92.6,91.4,104.4,91.9,92.4,106.1,126.2,89.8,-18.1,,2.1,17.5,-38.7,126.6,128.4,118.7,3.9,4.2,3.5,3.5,3.8,3.1,127.5,125.9,125.9,124.2
2025-11-01,132.6,97.4,98.3,80.7,77.9,91.3,72.4,109.3,88.7,89.9,104.7,88.9,95.2,118.4,129.1,87.8,-18.8,,-1.3,17.0,-36.9,126.6,127.7,118.9,3.9,4.2,3.5,3.5,3.8,3.2,127.5,125.9,125.9,124.2
2025-12-01,132.8,86.6,94.7,64.1,66.1,91.6,65.9,99.6,71.3,78.1,115.2,77.8,102.6,80.8,121.7,91.4,-20.7,,-9.6,17.5,-40.9,126.2,127.3,119.3,3.9,4.2,3.5,3.5,3.8,3.2,127.5,125.9,125.9,124.2
2026-01-01,,82.7,94.5,77.6,68.4,97.0,79.1,99.8,88.1,74.4,88.5,79.7,73.6,90.4,119.8,103.3,-17.4,,-7.2,13.7,-35.9,125.5,127.0,120.3,3.9,4.2,3.5,3.5,3.8,3.2,117.2,115.2,112.4,109.9
2026-02-01,,88.6,91.1,82.7,71.5,102.6,78.7,93.8,88.8,81.1,91.1,85.5,82.2,106.5,124.6,93.4,-15.4,,-4.0,15.2,-32.4,124.9,126.7,120.6,3.9,4.2,3.5,3.5,3.7,3.2,117.2,115.2,112.4,109.9
2026-03-01,,101.9,103.3,89.5,80.2,116.4,85.9,104.9,97.6,90.9,114.2,98.9,95.1,123.4,141.0,90.4,-14.7,,-1.3,14.4,-29.3,128.0,127.3,121.4,3.8,4.1,3.5,3.4,3.7,3.2,117.2,115.2,112.4,109.9
2026-04-01,,91.4,96.9,79.3,75.7,109.5,81.0,95.6,92.6,84.6,98.4,90.0,83.9,101.7,128.5,81.8,-14.6,,-1.8,11.9,-27.9,129.5,127.6,122.7,3.8,4.1,3.5,3.4,3.6,3.2,117.2,115.2,112.4,109.9
2026-05-01,,,,,,,,,,,,,,,,,-15.6,,-7.3,12.5,-28.7,129.8,127.4,124.3,,,,,,,117.2,115.2,112.4,109.9
